BedRecordID,OrgID,Date,TotalBeds,OccupiedBeds,SurgeFlag
B00001,H1,2023-12-31,383,219,1
B00002,H2,2023-09-09,372,85,1
B00003,H3,2024-03-14,131,368,0
B00004,H2,2024-11-25,117,132,0
B00005,H1,2022-06-01,196,119,1
B00006,H3,2024-11-06,257,93,0
B00007,H3,2022-11-23,178,156,0
B00008,H3,2022-01-13,466,270,0
B00009,H1,2024-09-12,215,452,0
B00010,H1,2024-11-27,326,113,1
B00011,H2,2024-05-27,246,192,0
B00012,H1,2024-08-25,364,360,0
B00013,H2,2022-08-20,230,279,0
B00014,H4,2023-07-31,281,313,0
B00015,H2,2022-07-27,403,241,0
B00016,H4,2024-09-01,471,301,0
B00017,H1,2022-10-11,451,392,0
B00018,H1,2023-06-16,499,440,1
B00019,H4,2022-04-15,368,494,1
B00020,H2,2024-02-25,248,344,0
B00021,H3,2022-09-10,297,169,1
B00022,H4,2022-06-02,425,66,1
B00023,H4,2022-08-12,101,143,0
B00024,H1,2023-02-27,224,304,0
B00025,H3,2023-03-11,489,277,1
B00026,H1,2024-02-24,429,295,0
B00027,H3,2024-07-22,209,408,0
B00028,H3,2024-06-29,402,300,1
B00029,H3,2023-03-05,193,256,1
B00030,H2,2024-12-24,437,235,0
B00031,H2,2022-06-02,264,375,0
B00032,H2,2022-02-25,273,494,1
B00033,H4,2023-12-10,433,419,1
B00034,H1,2022-08-30,413,281,0
B00035,H1,2023-07-13,186,176,1
B00036,H4,2023-04-30,218,458,0
B00037,H4,2023-02-18,359,235,1
B00038,H1,2022-06-29,260,272,1
B00039,H2,2023-07-04,276,331,0
B00040,H4,2022-05-30,194,358,0
B00041,H3,2024-05-27,439,341,0
B00042,H4,2022-06-07,340,418,0
B00043,H3,2023-12-04,252,168,1
B00044,H4,2023-07-06,369,112,0
B00045,H3,2023-09-29,126,409,0
B00046,H2,2022-11-20,235,67,1
B00047,H3,2024-06-23,490,363,1
B00048,H1,2023-02-02,432,92,1
B00049,H1,2023-06-06,370,383,1
B00050,H3,2022-08-23,181,493,1
B00051,H3,2022-02-11,354,416,1
B00052,H1,2022-04-11,262,101,1
B00053,H4,2023-01-09,371,475,0
B00054,H1,2024-01-31,146,414,0
B00055,H1,2022-10-24,402,476,1
B00056,H2,2024-12-15,267,128,0
B00057,H1,2023-08-18,369,356,1
B00058,H4,2023-04-18,306,123,0
B00059,H2,2024-11-03,379,141,0
B00060,H4,2023-07-18,110,315,1
B00061,H2,2024-07-10,234,381,1
B00062,H3,2024-01-05,251,461,1
B00063,H4,2024-03-14,337,103,0
B00064,H2,2024-11-20,425,391,1
B00065,H3,2024-09-12,114,133,0
B00066,H4,2024-06-13,316,130,1
B00067,H1,2022-08-28,200,378,0
B00068,H4,2024-04-05,460,198,0
B00069,H3,2024-06-30,209,90,1
B00070,H4,2024-04-06,369,180,0
B00071,H1,2023-06-23,360,157,0
B00072,H2,2023-01-12,424,158,1
B00073,H4,2024-06-15,140,298,0
B00074,H1,2022-06-07,139,162,0
B00075,H2,2022-03-04,146,342,0
B00076,H4,2022-06-09,104,72,1
B00077,H3,2024-12-09,434,384,0
B00078,H4,2024-03-30,361,158,1
B00079,H2,2024-11-28,135,235,1
B00080,H1,2024-07-25,304,81,0
B00081,H1,2022-09-25,369,495,0
B00082,H1,2022-05-28,297,77,1
B00083,H4,2023-07-30,211,297,0
B00084,H4,2023-03-28,312,297,1
B00085,H2,2023-01-06,249,500,1
B00086,H2,2022-05-16,383,151,1
B00087,H2,2022-01-13,333,418,1
B00088,H4,2023-07-18,181,249,1
B00089,H4,2024-04-28,172,248,0
B00090,H2,2022-12-06,281,89,0
B00091,H2,2024-02-02,209,90,1
B00092,H1,2024-12-28,412,132,1
B00093,H2,2022-10-28,271,150,1
B00094,H4,2023-10-27,240,160,0
B00095,H1,2023-04-18,498,218,1
B00096,H3,2022-06-05,396,61,1
B00097,H2,2022-08-21,390,227,1
B00098,H3,2023-05-09,194,419,0
B00099,H4,2023-01-29,459,69,0
B00100,H3,2024-03-06,235,258,0
B00101,H3,2024-05-20,309,185,1
B00102,H1,2023-12-06,288,223,0
B00103,H3,2022-09-29,257,116,1
B00104,H1,2023-07-29,328,311,1
B00105,H3,2022-09-11,191,53,1
B00106,H1,2024-03-12,136,251,1
B00107,H4,2024-10-26,264,168,1
B00108,H2,2023-11-20,453,162,1
B00109,H4,2023-08-02,174,212,0
B00110,H1,2024-07-04,469,441,0
B00111,H3,2022-11-06,320,309,0
B00112,H1,2023-03-27,161,294,0
B00113,H1,2023-06-18,432,110,1
B00114,H1,2022-05-25,309,368,1
B00115,H1,2022-06-12,256,419,1
B00116,H3,2024-11-09,130,151,1
B00117,H4,2023-07-14,190,66,0
B00118,H2,2022-05-17,459,490,1
B00119,H4,2024-11-22,108,460,0
B00120,H4,2022-01-01,384,162,1
B00121,H4,2022-09-03,194,337,0
B00122,H2,2024-06-28,424,416,0
B00123,H2,2022-12-23,192,380,1
B00124,H3,2022-12-23,285,412,0
B00125,H3,2022-01-30,386,217,0
B00126,H4,2024-07-13,430,428,1
B00127,H2,2024-12-24,221,376,0
B00128,H4,2024-08-18,386,433,1
B00129,H1,2024-09-10,474,421,1
B00130,H3,2024-02-14,470,318,0
B00131,H4,2024-11-08,468,293,0
B00132,H2,2022-03-20,388,279,0
B00133,H1,2024-02-11,156,309,0
B00134,H1,2024-03-24,443,333,1
B00135,H1,2023-04-24,239,263,0
B00136,H1,2023-03-09,495,438,0
B00137,H3,2024-10-20,199,323,0
B00138,H2,2024-05-05,405,431,1
B00139,H2,2022-07-12,271,231,0
B00140,H4,2023-09-14,313,209,1
B00141,H3,2024-12-18,380,227,1
B00142,H3,2022-08-23,130,105,1
B00143,H2,2022-05-08,405,208,0
B00144,H1,2024-01-10,481,500,0
B00145,H2,2023-01-15,401,415,1
B00146,H3,2023-02-07,422,421,1
B00147,H2,2024-02-01,219,115,0
B00148,H4,2022-02-28,291,436,0
B00149,H3,2024-05-10,322,287,0
B00150,H3,2024-01-06,228,275,0
B00151,H2,2023-10-07,358,223,0
B00152,H4,2024-03-23,381,220,1
B00153,H2,2022-01-18,163,204,1
B00154,H3,2024-01-13,213,471,0
B00155,H3,2024-11-26,463,267,1
B00156,H3,2023-05-26,111,203,1
B00157,H1,2024-02-23,102,347,1
B00158,H1,2022-11-29,264,283,0
B00159,H3,2024-06-20,221,464,1
B00160,H4,2023-11-10,333,266,1
B00161,H1,2022-04-08,427,237,1
B00162,H3,2024-08-15,172,349,1
B00163,H2,2024-09-07,286,257,1
B00164,H3,2022-12-05,368,452,1
B00165,H2,2022-06-20,196,387,0
B00166,H3,2022-06-02,207,361,1
B00167,H2,2024-08-28,466,112,1
B00168,H4,2024-03-05,304,93,0
B00169,H2,2024-05-09,138,394,0
B00170,H3,2024-12-05,179,124,0
B00171,H4,2024-03-11,402,216,0
B00172,H4,2024-02-01,439,368,1
B00173,H2,2022-02-21,348,120,0
B00174,H3,2024-08-30,204,397,0
B00175,H2,2022-03-11,353,189,1
B00176,H3,2023-08-16,118,220,1
B00177,H4,2024-03-08,217,350,0
B00178,H4,2024-07-24,295,308,0
B00179,H4,2023-02-13,194,52,0
B00180,H3,2023-11-24,433,69,0
B00181,H2,2023-04-16,162,55,0
B00182,H4,2024-10-22,310,409,0
B00183,H2,2022-03-03,355,220,0
B00184,H4,2022-04-06,449,196,0
B00185,H4,2023-11-20,156,57,1
B00186,H1,2022-02-25,207,313,0
B00187,H2,2024-07-14,259,210,0
B00188,H1,2023-07-09,172,446,0
B00189,H4,2023-07-07,375,355,1
B00190,H1,2023-10-12,397,452,1
B00191,H2,2024-04-04,156,385,1
B00192,H3,2023-12-17,311,283,0
B00193,H4,2022-08-25,380,355,0
B00194,H4,2024-03-05,147,438,0
B00195,H2,2023-07-24,431,223,1
B00196,H2,2024-11-20,459,59,0
B00197,H2,2023-11-17,403,426,0
B00198,H1,2023-10-17,169,389,1
B00199,H2,2023-11-24,479,102,0
B00200,H1,2022-08-06,129,324,1
B00201,H3,2024-06-26,186,309,0
B00202,H4,2023-06-22,379,304,1
B00203,H4,2022-01-19,422,326,0
B00204,H1,2023-01-29,332,142,0
B00205,H3,2024-11-09,456,410,0
B00206,H4,2022-09-12,454,398,1
B00207,H4,2024-08-27,343,358,0
B00208,H3,2023-12-24,298,485,1
B00209,H2,2022-06-13,429,252,1
B00210,H1,2024-09-11,500,153,0
B00211,H1,2023-12-21,387,143,1
B00212,H1,2022-02-18,224,353,1
B00213,H1,2022-01-24,224,293,0
B00214,H4,2023-11-27,393,109,0
B00215,H2,2022-11-14,423,118,1
B00216,H1,2023-01-03,131,190,1
B00217,H1,2022-02-06,367,105,1
B00218,H3,2023-08-05,463,456,0
B00219,H3,2023-05-17,379,289,1
B00220,H3,2024-06-30,485,327,1
B00221,H3,2024-12-16,394,381,1
B00222,H3,2022-05-10,366,431,0
B00223,H2,2024-11-15,347,167,0
B00224,H3,2023-05-09,497,269,1
B00225,H3,2024-10-28,324,380,1
B00226,H4,2023-02-09,273,266,0
B00227,H4,2024-04-09,175,409,1
B00228,H4,2023-08-27,294,357,1
B00229,H4,2023-07-12,247,426,0
B00230,H4,2023-05-24,334,251,1
B00231,H2,2023-12-18,182,223,0
B00232,H4,2022-10-31,472,103,1
B00233,H1,2022-11-11,105,118,1
B00234,H1,2023-04-16,401,102,0
B00235,H1,2024-09-15,222,68,0
B00236,H4,2024-07-07,287,304,0
B00237,H2,2024-07-04,229,484,0
B00238,H2,2022-12-23,495,494,1
B00239,H2,2023-08-08,251,84,0
B00240,H3,2022-12-08,387,369,1
B00241,H2,2024-12-22,393,409,0
B00242,H3,2022-05-06,324,108,1
B00243,H4,2022-05-10,225,386,1
B00244,H3,2023-05-21,452,240,0
B00245,H3,2023-12-31,366,63,0
B00246,H4,2022-09-20,348,361,1
B00247,H1,2022-04-04,220,345,1
B00248,H1,2024-10-31,155,195,0
B00249,H1,2023-02-12,175,452,1
B00250,H2,2022-02-10,231,467,1
B00251,H2,2024-11-06,368,370,1
B00252,H2,2023-04-11,474,360,1
B00253,H1,2022-07-14,143,492,1
B00254,H2,2024-11-21,183,400,0
B00255,H2,2024-03-19,376,334,0
B00256,H1,2022-05-24,455,478,1
B00257,H3,2023-02-16,367,499,0
B00258,H2,2023-11-17,446,233,1
B00259,H2,2023-04-04,343,95,1
B00260,H3,2023-06-03,189,228,0
B00261,H4,2023-11-27,117,435,0
B00262,H3,2023-03-31,178,343,0
B00263,H3,2023-12-28,229,432,0
B00264,H2,2022-03-14,500,251,0
B00265,H4,2024-08-03,177,116,1
B00266,H3,2023-09-05,495,248,1
B00267,H3,2024-05-05,305,497,0
B00268,H1,2023-03-05,330,312,0
B00269,H4,2022-02-17,120,68,1
B00270,H3,2023-03-06,360,257,0
B00271,H3,2023-04-26,486,111,1
B00272,H3,2023-01-07,111,387,1
B00273,H1,2022-08-21,335,468,0
B00274,H1,2022-04-29,236,256,0
B00275,H3,2022-02-15,468,222,0
B00276,H4,2023-05-20,265,374,1
B00277,H2,2024-06-14,141,328,1
B00278,H4,2022-08-20,299,204,0
B00279,H3,2022-01-16,318,140,0
B00280,H4,2023-08-21,410,348,0
B00281,H4,2024-04-17,189,87,1
B00282,H4,2022-04-06,267,66,1
B00283,H1,2024-10-13,287,293,0
B00284,H2,2023-07-15,426,425,1
B00285,H1,2023-03-09,421,370,1
B00286,H2,2022-09-30,325,129,0
B00287,H2,2024-04-03,115,145,0
B00288,H1,2024-09-30,482,156,1
B00289,H2,2022-05-07,125,52,0
B00290,H4,2022-10-07,409,311,0
B00291,H2,2023-11-07,447,420,0
B00292,H4,2024-03-18,419,249,0
B00293,H4,2023-03-27,284,217,0
B00294,H2,2023-11-30,110,324,0
B00295,H1,2022-11-17,442,287,1
B00296,H3,2022-06-23,394,121,1
B00297,H3,2022-03-24,325,355,0
B00298,H2,2023-09-27,134,101,0
B00299,H4,2023-08-08,369,51,0
B00300,H1,2022-01-28,430,247,0
B00301,H4,2024-10-15,398,346,0
B00302,H4,2023-08-25,446,289,1
B00303,H3,2023-02-22,253,65,1
B00304,H3,2024-11-07,102,169,1
B00305,H3,2024-05-09,140,124,1
B00306,H2,2022-06-17,255,214,1
B00307,H3,2024-06-13,336,183,0
B00308,H4,2023-08-19,182,281,1
B00309,H1,2023-08-27,429,168,0
B00310,H3,2024-12-12,334,449,0
B00311,H1,2022-04-21,304,406,0
B00312,H4,2022-01-26,137,351,1
B00313,H2,2024-02-25,229,89,1
B00314,H1,2023-08-31,326,343,1
B00315,H4,2024-01-27,350,482,0
B00316,H3,2022-08-13,340,271,0
B00317,H2,2023-06-11,244,237,1
B00318,H4,2022-02-03,402,159,1
B00319,H1,2022-09-20,424,172,0
B00320,H4,2024-08-28,159,357,0
B00321,H4,2024-08-29,218,258,1
B00322,H1,2022-10-30,485,282,1
B00323,H4,2023-04-19,289,330,1
B00324,H1,2024-07-31,262,167,0
B00325,H4,2022-12-12,297,205,0
B00326,H3,2024-02-06,100,342,0
B00327,H4,2024-01-13,419,277,1
B00328,H2,2024-04-01,322,454,1
B00329,H1,2024-10-12,456,451,0
B00330,H4,2024-07-02,268,382,0
B00331,H4,2024-01-24,155,286,0
B00332,H3,2024-03-14,284,92,0
B00333,H3,2024-03-16,167,301,0
B00334,H4,2023-05-21,368,246,1
B00335,H2,2024-08-29,462,105,1
B00336,H2,2024-02-10,343,251,0
B00337,H3,2024-08-06,124,106,1
B00338,H4,2024-05-11,248,66,1
B00339,H3,2024-09-23,248,202,1
B00340,H4,2023-12-22,481,469,0
B00341,H4,2022-10-20,160,140,1
B00342,H3,2024-05-19,319,466,0
B00343,H2,2024-03-09,187,55,1
B00344,H1,2023-12-09,486,417,1
B00345,H2,2024-02-28,379,497,0
B00346,H3,2022-05-06,473,367,1
B00347,H1,2023-12-15,193,199,0
B00348,H1,2022-03-29,160,164,1
B00349,H1,2023-06-01,224,89,0
B00350,H2,2022-08-25,278,132,1
B00351,H1,2024-01-31,224,385,0
B00352,H2,2023-10-08,255,145,0
B00353,H4,2023-03-21,356,399,0
B00354,H1,2023-12-26,429,181,0
B00355,H1,2023-05-18,307,435,0
B00356,H4,2024-05-20,365,155,1
B00357,H1,2022-12-17,454,340,1
B00358,H4,2023-12-26,118,343,0
B00359,H1,2022-09-28,370,216,1
B00360,H4,2022-04-13,101,61,1
B00361,H2,2024-12-17,118,389,1
B00362,H3,2023-11-27,351,323,0
B00363,H4,2024-07-27,161,340,0
B00364,H4,2024-03-30,191,268,0
B00365,H2,2024-05-06,387,158,1
B00366,H4,2022-10-13,190,311,0
B00367,H2,2022-08-05,307,263,0
B00368,H3,2024-01-23,174,145,1
B00369,H3,2024-07-06,473,246,0
B00370,H2,2022-06-04,414,107,0
B00371,H2,2022-10-22,106,350,0
B00372,H4,2023-06-02,185,69,0
B00373,H1,2024-05-06,497,59,0
B00374,H2,2024-11-06,183,225,1
B00375,H2,2024-08-20,333,290,0
B00376,H2,2024-05-21,271,313,0
B00377,H3,2022-12-25,456,462,0
B00378,H3,2023-01-14,287,155,0
B00379,H3,2024-07-15,148,179,1
B00380,H1,2024-04-09,475,490,0
B00381,H3,2023-11-07,207,482,1
B00382,H2,2022-01-28,224,368,1
B00383,H4,2022-09-10,341,358,1
B00384,H1,2023-03-09,377,400,0
B00385,H4,2023-09-08,422,379,0
B00386,H3,2022-01-09,449,175,1
B00387,H2,2023-08-20,449,309,0
B00388,H3,2023-03-06,318,367,0
B00389,H2,2023-03-06,354,421,1
B00390,H3,2022-07-06,146,206,0
B00391,H3,2022-04-08,444,447,1
B00392,H3,2023-02-02,131,63,0
B00393,H2,2023-07-11,433,470,0
B00394,H1,2024-06-27,259,146,0
B00395,H4,2022-11-30,475,334,1
B00396,H4,2022-11-25,121,184,0
B00397,H1,2023-07-13,284,70,1
B00398,H2,2022-01-24,260,297,0
B00399,H3,2023-10-11,325,70,0
B00400,H4,2024-10-19,405,315,0
B00401,H3,2024-03-07,260,195,0
B00402,H1,2022-02-22,364,380,1
B00403,H2,2024-11-08,207,354,1
B00404,H4,2024-10-15,130,242,1
B00405,H2,2022-01-28,376,139,0
B00406,H3,2023-01-21,195,77,0
B00407,H4,2022-02-09,297,404,1
B00408,H3,2022-02-12,101,73,1
B00409,H1,2024-05-10,480,412,0
B00410,H3,2023-08-25,156,261,1
B00411,H1,2022-09-18,368,66,0
B00412,H2,2024-04-04,467,133,0
B00413,H2,2024-12-24,353,166,0
B00414,H1,2023-05-21,489,363,0
B00415,H3,2024-11-23,451,466,0
B00416,H4,2022-12-11,374,339,1
B00417,H1,2023-01-29,265,417,1
B00418,H2,2022-05-13,417,471,1
B00419,H4,2022-11-23,154,175,1
B00420,H1,2023-05-14,363,125,0
B00421,H3,2024-03-13,494,253,0
B00422,H3,2024-12-07,465,349,0
B00423,H2,2024-09-09,298,72,0
B00424,H1,2022-09-20,289,68,1
B00425,H3,2024-02-28,436,346,1
B00426,H2,2024-01-27,217,441,0
B00427,H2,2023-10-28,176,383,0
B00428,H3,2022-03-23,362,288,1
B00429,H2,2022-11-09,358,275,1
B00430,H3,2023-10-01,460,304,0
B00431,H2,2023-08-15,366,308,0
B00432,H3,2023-03-04,373,105,0
B00433,H1,2023-07-08,214,290,1
B00434,H4,2024-08-20,268,113,1
B00435,H3,2023-09-29,172,405,0
B00436,H3,2024-07-05,296,482,1
B00437,H1,2022-04-14,319,281,1
B00438,H2,2024-09-16,224,354,0
B00439,H2,2023-01-13,241,153,0
B00440,H3,2023-04-15,489,159,1
B00441,H4,2024-05-08,471,230,0
B00442,H2,2022-07-31,377,199,0
B00443,H4,2023-08-22,351,497,1
B00444,H1,2024-02-11,188,268,1
B00445,H2,2023-10-12,355,492,1
B00446,H4,2023-04-25,229,199,0
B00447,H1,2024-07-02,245,451,0
B00448,H2,2022-08-01,434,241,1
B00449,H2,2022-01-08,389,244,0
B00450,H2,2023-06-17,400,283,0
B00451,H3,2023-02-22,458,124,1
B00452,H3,2022-06-12,104,315,0
B00453,H3,2022-01-13,492,257,0
B00454,H1,2022-07-28,451,459,0
B00455,H3,2024-06-01,353,155,1
B00456,H4,2023-07-04,492,361,0
B00457,H3,2024-05-10,339,293,1
B00458,H2,2023-10-18,139,123,1
B00459,H4,2024-04-12,168,237,0
B00460,H4,2023-12-26,106,346,0
B00461,H1,2023-12-13,391,392,1
B00462,H3,2022-09-03,203,346,1
B00463,H4,2024-05-23,131,251,1
B00464,H2,2024-07-27,416,480,1
B00465,H3,2023-03-06,372,63,1
B00466,H1,2023-12-31,332,110,0
B00467,H2,2023-05-04,218,346,0
B00468,H3,2024-11-23,179,487,1
B00469,H4,2022-03-18,230,179,1
B00470,H4,2022-02-02,408,210,1
B00471,H1,2024-05-03,310,164,1
B00472,H3,2023-09-03,189,289,1
B00473,H2,2023-04-20,415,296,0
B00474,H2,2023-10-21,189,220,1
B00475,H4,2023-08-14,156,297,0
B00476,H1,2023-08-15,268,106,1
B00477,H4,2024-04-06,376,183,1
B00478,H3,2023-11-05,453,309,1
B00479,H1,2023-08-02,452,77,0
B00480,H2,2024-03-11,259,243,1
B00481,H4,2024-04-08,139,316,1
B00482,H4,2024-12-20,232,261,0
B00483,H4,2022-08-07,203,371,1
B00484,H2,2022-04-22,437,475,0
B00485,H2,2024-11-08,449,224,1
B00486,H4,2022-04-30,139,94,1
B00487,H1,2024-04-30,174,176,0
B00488,H1,2023-09-06,194,177,1
B00489,H1,2022-01-13,451,317,1
B00490,H1,2023-08-15,203,479,0
B00491,H4,2022-07-28,235,84,0
B00492,H4,2023-03-24,426,452,1
B00493,H2,2022-10-22,497,55,1
B00494,H2,2024-02-03,263,329,1
B00495,H4,2024-06-04,376,387,0
B00496,H3,2023-09-26,387,364,0
B00497,H1,2023-09-25,214,221,1
B00498,H1,2023-12-29,444,337,1
B00499,H2,2022-01-15,304,163,1
B00500,H3,2022-02-01,483,235,1
B00501,H2,2023-04-08,362,451,0
B00502,H2,2023-07-02,246,96,0
B00503,H3,2024-10-25,317,206,1
B00504,H1,2024-06-18,461,205,1
B00505,H2,2022-05-30,464,408,1
B00506,H2,2023-04-15,488,168,1
B00507,H2,2024-03-08,365,105,1
B00508,H3,2022-06-03,119,77,0
B00509,H2,2024-10-05,462,327,0
B00510,H4,2022-12-24,187,443,1
B00511,H4,2023-04-04,496,106,0
B00512,H4,2023-01-13,370,154,1
B00513,H4,2022-08-30,338,181,1
B00514,H4,2023-10-30,243,383,0
B00515,H2,2022-09-19,373,65,1
B00516,H4,2022-08-29,198,108,1
B00517,H1,2022-12-22,406,442,1
B00518,H1,2024-02-21,385,141,0
B00519,H3,2023-10-12,144,224,1
B00520,H3,2024-04-16,360,347,0
B00521,H1,2022-06-17,294,490,0
B00522,H1,2024-05-10,367,211,0
B00523,H3,2022-04-15,150,291,0
B00524,H3,2023-09-20,388,318,0
B00525,H1,2022-06-04,309,133,1
B00526,H2,2023-02-28,271,255,1
B00527,H1,2022-07-24,431,213,0
B00528,H3,2024-02-07,236,324,1
B00529,H2,2022-01-20,225,275,0
B00530,H4,2023-04-16,460,323,0
B00531,H2,2022-01-21,204,138,0
B00532,H2,2024-02-11,492,114,0
B00533,H3,2022-06-17,234,429,1
B00534,H1,2022-08-08,268,245,1
B00535,H3,2023-01-03,421,438,0
B00536,H3,2022-04-26,206,213,1
B00537,H3,2024-12-14,237,429,0
B00538,H3,2022-12-28,153,67,0
B00539,H1,2023-11-18,123,83,0
B00540,H3,2022-03-19,112,115,0
B00541,H1,2024-12-28,326,135,0
B00542,H2,2022-05-20,445,410,1
B00543,H1,2023-10-05,214,417,1
B00544,H4,2022-03-25,174,177,1
B00545,H1,2023-03-14,159,100,0
B00546,H3,2022-01-02,475,73,1
B00547,H3,2024-09-29,340,451,1
B00548,H4,2022-07-28,370,64,0
B00549,H2,2022-02-24,186,367,0
B00550,H1,2024-03-01,116,133,0
B00551,H2,2024-09-14,168,213,0
B00552,H2,2022-02-02,392,448,0
B00553,H2,2023-06-15,434,408,1
B00554,H1,2024-08-03,428,439,1
B00555,H4,2023-03-15,157,491,1
B00556,H2,2024-05-08,138,66,0
B00557,H4,2024-12-06,111,343,0
B00558,H1,2023-07-05,222,433,0
B00559,H4,2023-12-01,149,284,1
B00560,H4,2023-08-18,193,76,0
B00561,H4,2022-07-10,164,210,1
B00562,H1,2022-01-10,126,270,1
B00563,H1,2024-06-09,249,97,0
B00564,H3,2023-09-06,336,344,0
B00565,H1,2022-04-08,241,248,0
B00566,H1,2024-11-11,270,472,1
B00567,H2,2024-01-03,369,164,0
B00568,H3,2022-11-30,331,348,0
B00569,H1,2024-10-27,129,328,0
B00570,H2,2024-10-17,320,91,1
B00571,H4,2024-12-07,250,459,0
B00572,H3,2023-08-05,278,204,1
B00573,H2,2023-08-27,298,265,1
B00574,H3,2023-12-15,189,228,0
B00575,H1,2023-10-24,398,111,1
B00576,H1,2022-10-27,238,389,1
B00577,H3,2024-03-22,371,380,1
B00578,H1,2024-03-19,214,467,0
B00579,H4,2024-01-07,499,223,0
B00580,H1,2023-10-25,363,488,0
B00581,H2,2024-02-09,269,123,1
B00582,H3,2024-05-23,269,64,0
B00583,H4,2024-07-12,167,62,1
B00584,H3,2024-05-22,326,350,1
B00585,H2,2023-02-17,279,81,0
B00586,H4,2023-03-12,149,371,0
B00587,H1,2023-03-22,145,178,1
B00588,H2,2024-12-27,287,250,0
B00589,H2,2024-01-25,355,450,0
B00590,H3,2023-10-03,376,56,1
B00591,H3,2022-05-29,214,138,1
B00592,H1,2022-04-29,199,108,1
B00593,H4,2022-07-19,160,439,0
B00594,H4,2023-02-24,497,62,1
B00595,H4,2024-01-27,445,128,1
B00596,H1,2023-01-23,326,309,0
B00597,H2,2022-12-12,241,158,1
B00598,H3,2023-09-30,276,282,1
B00599,H3,2024-03-20,184,272,0
B00600,H3,2023-05-31,188,478,1
B00601,H3,2023-03-04,273,173,0
B00602,H3,2022-05-20,419,451,0
B00603,H4,2022-01-12,390,176,0
B00604,H3,2024-03-27,487,298,1
B00605,H4,2023-05-09,437,381,0
B00606,H1,2024-07-08,346,353,0
B00607,H1,2024-08-18,218,78,0
B00608,H1,2022-12-24,300,86,1
B00609,H2,2023-02-19,171,317,0
B00610,H2,2022-10-24,345,206,1
B00611,H4,2023-09-23,123,244,0
B00612,H4,2022-07-24,336,111,0
B00613,H3,2022-02-02,122,235,0
B00614,H2,2023-05-03,390,431,0
B00615,H4,2022-05-17,318,254,1
B00616,H2,2024-07-26,276,454,1
B00617,H2,2024-09-20,497,336,1
B00618,H1,2022-11-04,152,63,1
B00619,H1,2023-08-11,281,87,0
B00620,H2,2022-08-12,251,193,0
B00621,H1,2024-01-17,133,164,1
B00622,H1,2024-10-20,359,74,0
B00623,H4,2022-03-15,172,464,0
B00624,H2,2023-12-21,422,358,1
B00625,H3,2022-05-10,205,334,0
B00626,H1,2022-10-06,252,317,1
B00627,H2,2022-10-10,287,113,1
B00628,H4,2023-05-26,308,294,0
B00629,H4,2024-08-01,245,326,0
B00630,H2,2023-07-17,366,390,1
B00631,H2,2022-05-15,275,384,0
B00632,H4,2024-07-04,113,62,1
B00633,H1,2024-04-02,108,298,1
B00634,H2,2023-05-16,215,78,0
B00635,H4,2023-12-26,257,343,1
B00636,H2,2022-07-15,193,232,1
B00637,H3,2024-06-13,220,289,0
B00638,H4,2024-03-12,407,436,1
B00639,H2,2024-12-10,345,353,1
B00640,H3,2024-07-12,415,116,0
B00641,H1,2023-03-01,238,436,1
B00642,H3,2024-10-08,343,181,1
B00643,H4,2024-09-15,195,426,0
B00644,H2,2023-08-12,484,318,1
B00645,H3,2022-10-20,319,274,1
B00646,H2,2023-06-01,152,357,1
B00647,H1,2022-02-20,395,409,0
B00648,H1,2022-06-21,434,109,1
B00649,H4,2022-12-17,212,303,1
B00650,H2,2023-07-04,498,313,0
B00651,H1,2023-09-24,148,365,1
B00652,H3,2023-10-13,114,413,1
B00653,H3,2022-01-07,461,56,0
B00654,H2,2023-07-16,253,86,1
B00655,H3,2022-12-02,316,261,0
B00656,H1,2024-10-15,152,210,1
B00657,H3,2022-06-24,198,291,1
B00658,H2,2022-09-30,156,389,1
B00659,H2,2022-05-03,373,461,1
B00660,H4,2024-04-27,210,66,1
B00661,H2,2024-07-30,164,352,0
B00662,H3,2023-08-02,215,341,0
B00663,H1,2022-03-26,234,286,0
B00664,H3,2024-03-28,451,144,0
B00665,H3,2024-10-23,378,173,1
B00666,H4,2022-05-02,173,63,0
B00667,H1,2024-01-14,101,335,0
B00668,H1,2024-08-02,410,70,1
B00669,H4,2023-08-14,330,226,0
B00670,H2,2023-03-07,142,330,1
B00671,H2,2024-09-11,312,262,1
B00672,H2,2022-06-09,485,331,1
B00673,H1,2024-10-08,396,118,0
B00674,H1,2022-02-26,124,96,1
B00675,H3,2024-10-21,147,152,0
B00676,H2,2023-11-11,475,194,0
B00677,H3,2024-11-19,216,382,0
B00678,H3,2024-05-04,216,273,1
B00679,H4,2023-11-18,293,467,1
B00680,H4,2023-01-11,145,254,0
B00681,H3,2024-06-07,276,131,1
B00682,H3,2022-04-19,313,86,0
B00683,H3,2024-04-05,443,380,0
B00684,H4,2022-12-04,338,260,0
B00685,H1,2024-09-25,365,487,0
B00686,H2,2024-08-23,106,128,1
B00687,H4,2023-05-15,112,83,0
B00688,H1,2024-03-29,433,385,1
B00689,H1,2022-07-12,479,436,0
B00690,H4,2024-05-18,393,324,1
B00691,H2,2022-05-24,195,76,1
B00692,H2,2023-01-27,327,292,1
B00693,H4,2023-01-06,301,170,1
B00694,H3,2023-02-10,407,131,0
B00695,H1,2022-05-24,194,266,0
B00696,H2,2023-11-09,195,238,0
B00697,H2,2024-08-27,455,480,0
B00698,H2,2022-09-11,334,304,0
B00699,H4,2024-07-14,445,270,1
B00700,H1,2022-07-24,233,205,0
B00701,H1,2024-04-05,400,210,0
B00702,H3,2022-11-21,209,123,0
B00703,H4,2022-04-04,132,384,1
B00704,H2,2022-11-01,308,425,1
B00705,H2,2023-08-28,223,222,1
B00706,H3,2022-11-16,385,283,1
B00707,H2,2022-03-04,231,106,0
B00708,H4,2022-05-27,105,409,0
B00709,H1,2022-06-14,114,274,1
B00710,H1,2023-12-30,483,326,0
B00711,H2,2022-08-10,296,378,0
B00712,H3,2024-02-10,330,438,1
B00713,H4,2022-09-11,149,133,1
B00714,H3,2023-10-04,486,471,1
B00715,H1,2024-04-05,106,57,0
B00716,H1,2022-05-22,295,301,1
B00717,H4,2022-11-22,369,396,1
B00718,H2,2022-02-23,247,339,0
B00719,H4,2024-06-28,480,328,1
B00720,H1,2024-09-08,331,210,0
B00721,H4,2024-02-27,187,189,0
B00722,H4,2023-11-30,106,364,0
B00723,H3,2023-01-18,500,471,1
B00724,H2,2024-10-08,361,279,1
B00725,H3,2022-03-23,473,381,0
B00726,H4,2022-05-21,193,345,0
B00727,H3,2023-10-23,401,306,0
B00728,H3,2023-03-20,343,50,1
B00729,H3,2023-10-28,365,296,1
B00730,H2,2022-03-31,302,232,1
B00731,H2,2023-12-26,264,472,0
B00732,H2,2024-01-02,117,123,1
B00733,H2,2022-02-01,396,454,0
B00734,H4,2024-04-12,352,71,0
B00735,H3,2022-06-22,283,368,1
B00736,H1,2024-12-24,239,488,0
B00737,H4,2023-02-22,311,473,0
B00738,H3,2022-07-24,297,212,0
B00739,H1,2024-10-12,203,184,1
B00740,H3,2022-10-05,191,203,0
B00741,H4,2024-10-30,290,226,1
B00742,H1,2023-07-03,324,71,1
B00743,H3,2024-03-29,395,148,0
B00744,H2,2022-11-29,186,457,1
B00745,H1,2023-06-08,231,115,0
B00746,H4,2022-12-18,132,154,0
B00747,H1,2023-11-10,110,96,1
B00748,H1,2022-11-12,186,201,0
B00749,H4,2023-03-06,302,122,0
B00750,H4,2023-05-10,485,224,1
B00751,H3,2022-08-20,229,465,0
B00752,H1,2023-02-16,393,443,1
B00753,H3,2024-07-01,300,216,1
B00754,H3,2023-08-08,424,150,1
B00755,H4,2022-08-12,222,107,1
B00756,H2,2022-10-01,126,358,0
B00757,H4,2024-12-11,367,471,0
B00758,H4,2022-12-11,274,113,0
B00759,H4,2024-11-17,319,451,1
B00760,H1,2022-02-24,422,429,0
B00761,H4,2022-07-08,437,337,0
B00762,H1,2022-01-08,247,305,0
B00763,H4,2024-11-09,311,409,1
B00764,H3,2023-05-21,310,194,1
B00765,H3,2022-02-26,324,250,1
B00766,H3,2022-05-19,419,338,1
B00767,H2,2022-08-05,355,239,0
B00768,H4,2024-11-24,102,484,1
B00769,H1,2023-07-11,198,112,1
B00770,H3,2023-12-10,333,326,0
B00771,H4,2024-07-15,353,209,0
B00772,H2,2024-10-15,378,58,0
B00773,H2,2024-10-24,384,355,1
B00774,H1,2023-02-11,278,248,1
B00775,H2,2024-07-04,159,322,0
B00776,H1,2022-09-10,174,317,1
B00777,H4,2024-08-05,282,325,1
B00778,H1,2023-03-19,467,288,0
B00779,H3,2024-11-22,131,269,0
B00780,H4,2023-09-05,279,125,1
B00781,H3,2024-09-19,143,211,1
B00782,H1,2024-06-26,478,110,1
B00783,H2,2023-08-28,224,67,0
B00784,H3,2022-03-16,133,489,1
B00785,H2,2024-04-10,316,115,1
B00786,H4,2024-08-26,262,425,0
B00787,H4,2024-08-28,457,470,1
B00788,H4,2023-01-28,411,444,0
B00789,H2,2024-06-09,256,89,0
B00790,H2,2022-11-03,128,309,0
B00791,H3,2022-12-31,476,64,0
B00792,H4,2022-03-12,140,405,1
B00793,H1,2022-05-17,166,141,1
B00794,H3,2023-10-03,438,437,1
B00795,H3,2023-08-01,204,414,1
B00796,H2,2024-06-03,430,384,1
B00797,H2,2024-01-03,348,263,0
B00798,H2,2024-01-06,210,471,0
B00799,H3,2023-12-08,101,447,1
B00800,H2,2023-09-27,438,150,0
B00801,H3,2023-07-20,412,430,0
B00802,H4,2024-09-21,160,275,0
B00803,H1,2022-12-02,482,59,1
B00804,H1,2022-02-08,120,197,0
B00805,H1,2022-09-13,192,384,1
B00806,H2,2022-01-15,404,378,1
B00807,H1,2023-12-03,225,485,1
B00808,H1,2024-08-31,372,149,1
B00809,H4,2023-06-25,321,396,1
B00810,H2,2024-06-27,119,82,0
B00811,H3,2022-03-31,239,260,1
B00812,H2,2024-05-31,439,101,0
B00813,H3,2023-08-24,243,52,1
B00814,H1,2023-04-05,430,119,1
B00815,H3,2024-11-18,223,202,1
B00816,H1,2024-09-26,248,100,0
B00817,H4,2022-03-24,422,297,1
B00818,H4,2022-09-18,484,229,1
B00819,H4,2022-06-30,294,297,1
B00820,H3,2022-04-12,271,346,1
B00821,H3,2024-10-20,159,58,1
B00822,H1,2024-02-11,262,457,1
B00823,H1,2023-03-06,330,299,0
B00824,H3,2022-04-23,391,310,1
B00825,H3,2024-03-29,142,174,1
B00826,H1,2023-07-01,418,154,1
B00827,H2,2022-02-10,335,456,0
B00828,H4,2022-03-15,404,480,1
B00829,H2,2023-09-05,465,159,0
B00830,H4,2024-07-04,341,280,1
B00831,H2,2024-05-08,329,343,0
B00832,H2,2024-07-06,275,104,1
B00833,H3,2023-04-06,353,376,1
B00834,H4,2023-01-16,127,74,1
B00835,H1,2023-09-22,489,408,0
B00836,H1,2024-06-28,219,493,1
B00837,H1,2024-07-16,107,186,1
B00838,H3,2022-03-01,403,111,0
B00839,H4,2022-06-28,153,146,0
B00840,H3,2023-05-17,457,490,0
B00841,H3,2024-10-26,303,109,1
B00842,H1,2022-05-13,381,56,1
B00843,H1,2022-05-28,249,371,0
B00844,H4,2022-07-10,387,254,0
B00845,H3,2023-10-04,194,359,0
B00846,H3,2023-07-03,398,464,1
B00847,H4,2024-11-19,490,481,1
B00848,H1,2023-01-26,338,243,0
B00849,H4,2024-02-18,145,100,0
B00850,H3,2022-05-01,245,232,1
B00851,H4,2024-05-14,189,400,1
B00852,H2,2022-12-07,107,254,0
B00853,H2,2024-05-22,470,197,0
B00854,H3,2023-01-25,393,181,0
B00855,H4,2024-12-27,444,169,1
B00856,H4,2022-07-24,132,354,0
B00857,H2,2022-10-02,239,480,0
B00858,H3,2023-02-16,416,142,1
B00859,H4,2024-03-10,276,430,0
B00860,H4,2024-05-10,454,387,1
B00861,H1,2022-06-13,465,303,1
B00862,H4,2022-08-12,493,440,0
B00863,H4,2024-11-19,173,347,0
B00864,H2,2023-03-31,205,339,1
B00865,H3,2022-08-04,182,260,0
B00866,H3,2022-12-06,168,368,0
B00867,H2,2022-12-03,358,142,0
B00868,H3,2022-09-26,298,417,1
B00869,H1,2023-09-21,369,174,0
B00870,H4,2024-10-03,255,126,0
B00871,H4,2024-10-31,104,119,1
B00872,H1,2023-04-21,497,331,1
B00873,H3,2023-03-19,308,237,0
B00874,H2,2023-10-17,489,291,0
B00875,H3,2022-07-01,178,284,1
B00876,H4,2024-11-19,218,338,0
B00877,H1,2022-11-23,317,140,0
B00878,H4,2023-12-19,159,113,1
B00879,H3,2023-07-07,497,125,0
B00880,H3,2023-03-06,193,448,0
B00881,H2,2024-09-17,170,482,1
B00882,H2,2023-06-12,120,393,1
B00883,H1,2024-03-25,132,409,1
B00884,H4,2024-10-08,347,187,0
B00885,H1,2023-11-03,213,150,1
B00886,H1,2024-07-20,298,313,1
B00887,H3,2022-02-26,175,441,1
B00888,H2,2023-04-23,145,177,0
B00889,H2,2023-08-02,124,489,0
B00890,H4,2024-10-18,229,426,1
B00891,H3,2024-12-01,234,283,0
B00892,H1,2024-01-21,166,194,1
B00893,H3,2022-06-12,371,329,1
B00894,H3,2024-05-10,163,330,1
B00895,H2,2022-10-17,202,463,0
B00896,H4,2022-01-26,168,322,1
B00897,H3,2022-07-03,474,238,0
B00898,H1,2022-06-08,295,76,0
B00899,H1,2024-05-13,359,86,1
B00900,H1,2024-09-17,441,176,1
B00901,H4,2024-06-09,116,464,1
B00902,H4,2022-01-23,225,168,0
B00903,H2,2023-06-15,205,126,1
B00904,H4,2022-03-22,233,184,1
B00905,H3,2022-01-14,369,383,1
B00906,H4,2023-10-06,188,107,0
B00907,H2,2024-06-02,339,282,1
B00908,H2,2024-10-27,443,437,1
B00909,H4,2023-04-28,370,317,1
B00910,H1,2022-01-30,273,224,1
B00911,H1,2023-01-11,440,369,0
B00912,H4,2023-06-04,400,77,1
B00913,H3,2023-05-31,386,270,0
B00914,H1,2022-01-29,465,324,1
B00915,H1,2022-11-14,368,228,1
B00916,H3,2022-07-18,247,118,0
B00917,H3,2024-11-12,398,267,0
B00918,H2,2022-07-31,313,343,0
B00919,H3,2022-05-18,375,219,1
B00920,H4,2022-07-29,301,125,1
B00921,H4,2023-04-14,243,312,0
B00922,H2,2024-12-16,290,136,0
B00923,H4,2024-11-10,291,413,1
B00924,H3,2022-10-24,477,457,1
B00925,H2,2023-04-04,123,258,1
B00926,H2,2024-06-11,221,127,1
B00927,H4,2022-06-24,365,280,1
B00928,H3,2022-03-05,447,347,0
B00929,H2,2024-09-26,106,122,0
B00930,H1,2022-08-03,181,430,1
B00931,H4,2024-03-13,267,305,1
B00932,H1,2022-08-25,486,223,0
B00933,H2,2022-04-08,135,297,1
B00934,H4,2024-03-06,358,302,0
B00935,H4,2023-03-13,166,102,0
B00936,H3,2022-05-15,498,479,1
B00937,H3,2022-05-08,373,156,1
B00938,H3,2023-06-20,303,367,1
B00939,H3,2022-08-13,234,81,1
B00940,H1,2023-05-01,286,392,0
B00941,H4,2023-12-02,377,80,0
B00942,H4,2023-02-24,249,329,1
B00943,H4,2023-02-10,309,165,1
B00944,H2,2024-10-07,408,469,0
B00945,H2,2022-04-23,288,424,1
B00946,H2,2023-02-20,264,397,1
B00947,H3,2022-05-01,240,279,0
B00948,H4,2024-09-12,149,212,1
B00949,H2,2023-02-10,113,350,0
B00950,H4,2022-11-02,406,489,1
B00951,H4,2024-07-30,307,69,0
B00952,H1,2024-06-23,387,419,1
B00953,H1,2023-04-16,336,356,0
B00954,H2,2022-01-11,230,65,0
B00955,H3,2024-04-07,405,56,0
B00956,H4,2024-05-07,351,234,0
B00957,H3,2022-06-22,430,128,0
B00958,H4,2023-05-10,409,66,1
B00959,H1,2023-05-28,390,223,0
B00960,H1,2024-07-30,210,451,1
B00961,H2,2023-05-07,140,396,0
B00962,H4,2024-06-15,240,187,0
B00963,H3,2023-07-16,314,261,0
B00964,H4,2023-09-10,369,146,1
B00965,H1,2024-11-07,250,145,1
B00966,H1,2022-05-22,391,224,1
B00967,H1,2022-09-05,234,214,0
B00968,H3,2022-11-20,427,212,1
B00969,H2,2024-01-26,213,459,1
B00970,H2,2024-07-25,266,147,1
B00971,H1,2022-11-30,247,276,1
B00972,H4,2023-01-25,134,214,1
B00973,H2,2023-09-05,499,377,1
B00974,H2,2022-08-06,295,458,0
B00975,H1,2024-04-09,319,274,0
B00976,H4,2022-12-20,462,185,1
B00977,H3,2024-06-16,406,68,1
B00978,H4,2022-07-27,272,66,0
B00979,H2,2022-03-09,233,244,0
B00980,H3,2023-10-21,114,359,0
B00981,H3,2022-05-28,169,210,0
B00982,H2,2022-02-11,131,269,1
B00983,H2,2022-10-03,122,179,0
B00984,H3,2022-05-16,498,212,1
B00985,H2,2024-07-24,120,298,1
B00986,H2,2022-03-13,260,468,0
B00987,H2,2022-10-04,157,398,0
B00988,H4,2022-10-26,199,129,0
B00989,H3,2022-01-06,263,51,0
B00990,H1,2023-12-06,430,50,1
B00991,H2,2023-10-15,155,127,0
B00992,H1,2023-10-03,384,131,0
B00993,H3,2022-02-05,144,162,0
B00994,H2,2023-11-19,113,154,1
B00995,H4,2022-03-15,440,55,0
B00996,H4,2024-10-31,397,433,1
B00997,H4,2022-08-27,325,292,1
B00998,H1,2024-05-29,290,348,1
B00999,H2,2022-10-01,207,257,0
B01000,H3,2022-02-17,451,485,0
B01001,H4,2022-05-29,400,337,0
B01002,H1,2024-02-16,106,441,0
B01003,H4,2022-05-10,396,174,0
B01004,H1,2024-04-29,140,473,1
B01005,H3,2022-07-03,479,251,0
B01006,H3,2022-06-17,194,399,0
B01007,H1,2023-08-03,408,414,0
B01008,H2,2023-11-03,325,274,1
B01009,H4,2022-05-29,394,150,1
B01010,H2,2022-07-10,157,318,0
B01011,H3,2023-07-06,394,276,1
B01012,H2,2024-12-20,441,87,1
B01013,H4,2023-09-10,353,483,1
B01014,H4,2024-02-12,341,123,0
B01015,H2,2022-08-29,398,215,1
B01016,H4,2022-06-15,333,221,1
B01017,H3,2024-07-28,385,137,1
B01018,H1,2024-04-15,184,452,0
B01019,H4,2022-04-28,382,255,0
B01020,H2,2022-12-31,298,286,0
B01021,H1,2023-01-10,414,355,1
B01022,H3,2022-06-27,408,51,0
B01023,H1,2023-11-06,231,193,1
B01024,H2,2023-05-02,134,443,0
B01025,H2,2023-11-11,451,55,1
B01026,H4,2022-11-23,246,269,0
B01027,H1,2022-10-27,134,408,0
B01028,H1,2024-11-08,124,50,0
B01029,H2,2023-06-13,476,144,1
B01030,H4,2023-03-24,180,311,0
B01031,H2,2022-03-04,238,148,1
B01032,H4,2022-11-10,332,384,0
B01033,H1,2023-06-09,171,333,1
B01034,H2,2024-04-09,465,211,0
B01035,H4,2023-04-13,338,264,1
B01036,H3,2022-11-08,399,93,0
B01037,H1,2023-12-19,356,216,1
B01038,H1,2022-08-03,323,86,0
B01039,H2,2022-12-24,468,257,1
B01040,H4,2024-01-13,407,200,1
B01041,H4,2024-07-01,401,334,1
B01042,H3,2024-10-05,176,331,1
B01043,H1,2023-03-23,256,168,0
B01044,H1,2023-08-30,467,160,1
B01045,H2,2022-08-15,147,312,0
B01046,H1,2023-02-16,242,429,1
B01047,H2,2024-10-12,484,292,1
B01048,H4,2023-02-07,137,332,1
B01049,H4,2022-06-05,411,58,0
B01050,H2,2024-06-23,177,83,1
B01051,H1,2023-01-27,299,121,1
B01052,H3,2022-01-16,407,287,0
B01053,H1,2022-02-01,183,264,0
B01054,H3,2024-11-12,317,227,0
B01055,H1,2024-10-14,272,441,0
B01056,H1,2022-06-10,280,61,1
B01057,H4,2023-12-08,385,443,0
B01058,H1,2022-08-12,485,60,0
B01059,H2,2024-01-10,349,416,1
B01060,H4,2023-06-25,494,437,0
B01061,H1,2022-04-01,458,84,0
B01062,H1,2022-08-15,415,264,0
B01063,H1,2023-08-13,325,309,1
B01064,H3,2022-08-06,402,334,0
B01065,H4,2023-11-03,130,245,1
B01066,H4,2023-02-26,491,110,0
B01067,H2,2022-12-10,192,110,0
B01068,H2,2024-03-16,134,347,0
B01069,H3,2024-04-26,266,462,0
B01070,H4,2024-06-23,479,326,1
B01071,H3,2024-01-21,231,398,1
B01072,H4,2022-09-06,143,56,1
B01073,H3,2023-08-13,280,352,1
B01074,H4,2024-08-29,271,340,0
B01075,H2,2022-08-28,302,285,1
B01076,H1,2022-01-01,302,404,0
B01077,H4,2023-07-24,484,271,0
B01078,H3,2022-12-12,474,213,1
B01079,H3,2024-05-09,460,282,0
B01080,H4,2023-10-04,185,169,0
B01081,H2,2024-12-14,464,153,1
B01082,H1,2023-10-25,135,471,0
B01083,H3,2022-07-22,244,418,1
B01084,H1,2022-08-29,194,425,0
B01085,H1,2023-09-15,327,175,0
B01086,H1,2022-06-18,287,232,1
B01087,H1,2023-04-28,387,418,1
B01088,H3,2024-12-03,191,235,0
B01089,H3,2023-03-25,337,69,0
B01090,H3,2023-11-29,242,207,0
B01091,H1,2024-02-18,414,188,0
B01092,H4,2023-07-03,400,225,1
B01093,H3,2023-06-02,335,251,1
B01094,H1,2023-01-01,287,123,1
B01095,H2,2024-03-10,190,472,0
B01096,H2,2024-11-15,223,73,0
B01097,H4,2023-06-11,313,374,0
B01098,H2,2022-12-26,382,229,1
B01099,H1,2024-03-26,216,89,0
B01100,H4,2022-02-22,177,360,0
B01101,H1,2023-05-18,188,191,1
B01102,H3,2022-02-04,357,82,1
B01103,H3,2024-10-18,144,473,1
B01104,H4,2023-08-04,420,289,0
B01105,H1,2023-02-25,267,457,0
B01106,H2,2024-11-17,385,422,1
B01107,H2,2022-09-05,313,346,1
B01108,H4,2022-03-21,221,293,1
B01109,H2,2023-04-15,306,77,1
B01110,H4,2024-08-11,189,300,0
B01111,H3,2023-07-25,361,66,0
B01112,H3,2023-10-28,357,414,1
B01113,H1,2022-09-09,104,185,1
B01114,H2,2022-09-29,472,447,1
B01115,H4,2024-03-19,245,278,1
B01116,H2,2023-03-29,215,461,1
B01117,H2,2023-01-05,404,137,0
B01118,H2,2022-05-26,154,352,1
B01119,H3,2022-08-27,168,117,1
B01120,H4,2024-07-14,201,386,0
B01121,H4,2023-02-06,474,459,1
B01122,H1,2024-06-08,386,238,1
B01123,H3,2022-12-17,108,300,0
B01124,H1,2023-06-05,260,138,0
B01125,H4,2023-05-29,362,221,0
B01126,H1,2023-12-02,232,486,0
B01127,H4,2024-10-07,188,379,1
B01128,H3,2024-03-18,356,230,1
B01129,H1,2022-07-05,409,96,0
B01130,H1,2022-02-28,284,419,1
B01131,H4,2023-04-15,297,326,1
B01132,H1,2022-05-10,402,299,0
B01133,H3,2023-02-11,302,322,0
B01134,H2,2024-03-22,358,333,0
B01135,H4,2023-09-24,427,350,0
B01136,H3,2022-03-04,455,341,0
B01137,H1,2022-07-30,210,478,1
B01138,H4,2024-01-05,208,138,1
B01139,H4,2023-10-05,221,436,1
B01140,H3,2023-07-02,246,155,1
B01141,H1,2023-07-06,196,487,1
B01142,H2,2022-04-26,235,139,1
B01143,H4,2023-03-31,397,481,0
B01144,H1,2024-08-03,161,382,1
B01145,H4,2024-06-10,150,71,0
B01146,H1,2023-03-30,124,55,0
B01147,H2,2022-08-02,374,291,0
B01148,H1,2024-08-11,154,282,0
B01149,H2,2022-12-27,222,210,1
B01150,H4,2023-03-07,199,371,0
B01151,H1,2023-07-02,131,250,1
B01152,H3,2022-03-15,251,472,1
B01153,H3,2024-06-08,485,290,1
B01154,H3,2022-12-27,412,142,0
B01155,H4,2024-05-04,445,210,0
B01156,H1,2024-06-22,292,476,0
B01157,H4,2022-06-08,117,77,0
B01158,H4,2022-04-05,412,405,1
B01159,H2,2022-10-29,119,201,0
B01160,H3,2024-01-28,391,223,1
B01161,H3,2022-11-12,296,405,1
B01162,H3,2024-06-23,237,103,0
B01163,H1,2023-01-03,179,404,1
B01164,H1,2023-06-22,101,493,1
B01165,H2,2023-11-01,154,264,1
B01166,H4,2024-03-08,460,466,1
B01167,H1,2022-05-19,256,205,1
B01168,H2,2023-12-30,446,426,1
B01169,H3,2022-10-28,420,437,1
B01170,H3,2023-02-25,426,168,0
B01171,H1,2023-02-04,487,245,0
B01172,H3,2024-11-28,399,349,1
B01173,H4,2024-09-18,128,347,0
B01174,H2,2023-11-17,270,299,1
B01175,H4,2022-12-13,401,67,0
B01176,H1,2022-08-21,239,263,1
B01177,H3,2023-02-27,333,121,0
B01178,H1,2023-12-23,400,447,0
B01179,H1,2022-11-29,161,64,1
B01180,H4,2023-09-18,208,371,0
B01181,H2,2023-10-07,226,161,0
B01182,H4,2022-09-29,374,137,1
B01183,H3,2024-08-16,135,354,0
B01184,H1,2024-04-06,100,205,0
B01185,H2,2022-11-17,206,67,0
B01186,H1,2023-05-14,435,73,1
B01187,H1,2022-12-10,263,239,1
B01188,H2,2023-07-15,284,270,1
B01189,H4,2024-02-16,331,365,0
B01190,H3,2022-07-09,336,360,1
B01191,H1,2023-06-06,375,433,0
B01192,H4,2023-10-17,445,362,1
B01193,H3,2022-09-01,456,172,0
B01194,H3,2024-06-29,272,388,1
B01195,H4,2022-05-07,185,236,0
B01196,H3,2022-11-10,244,316,1
B01197,H4,2022-04-03,307,99,1
B01198,H1,2024-03-19,364,239,0
B01199,H2,2023-09-11,356,134,1
B01200,H3,2023-10-29,361,170,0
B01201,H4,2024-11-08,479,162,1
B01202,H2,2022-12-27,139,482,0
B01203,H2,2023-03-06,431,189,0
B01204,H2,2023-11-04,209,226,0
B01205,H3,2024-03-03,154,93,0
B01206,H3,2022-06-26,187,56,0
B01207,H2,2023-02-12,116,228,0
B01208,H4,2023-05-11,175,485,0
B01209,H4,2023-05-10,154,110,1
B01210,H1,2024-03-08,360,175,1
B01211,H3,2024-10-11,339,375,0
B01212,H4,2022-04-22,138,129,0
B01213,H1,2024-10-02,396,188,0
B01214,H1,2024-10-06,235,489,0
B01215,H3,2023-04-17,382,399,0
B01216,H4,2024-01-17,389,366,0
B01217,H3,2022-08-29,163,379,1
B01218,H3,2024-02-03,360,273,0
B01219,H3,2022-01-13,407,389,0
B01220,H2,2024-02-21,126,347,0
B01221,H3,2022-11-07,379,467,0
B01222,H2,2024-05-20,198,325,0
B01223,H3,2023-11-17,376,307,1
B01224,H1,2023-03-12,205,471,0
B01225,H3,2023-11-04,135,124,1
B01226,H3,2023-03-22,102,196,0
B01227,H1,2024-01-07,274,251,1
B01228,H1,2022-12-10,262,460,0
B01229,H3,2024-03-19,263,185,1
B01230,H2,2022-05-23,258,374,0
B01231,H4,2023-07-15,127,273,0
B01232,H1,2024-03-30,422,470,1
B01233,H1,2022-10-05,138,78,0
B01234,H1,2023-05-06,160,107,0
B01235,H3,2023-09-14,482,461,1
B01236,H1,2022-06-19,105,144,0
B01237,H4,2022-10-15,193,251,0
B01238,H1,2024-07-28,276,370,1
B01239,H2,2023-10-09,488,400,0
B01240,H1,2024-03-11,346,466,1
B01241,H1,2023-10-23,401,457,0
B01242,H3,2022-06-08,445,296,1
B01243,H2,2024-11-03,336,118,1
B01244,H4,2023-10-20,288,355,0
B01245,H3,2024-07-03,347,55,0
B01246,H1,2022-07-31,117,470,1
B01247,H4,2022-07-04,223,265,1
B01248,H1,2022-12-03,121,170,0
B01249,H1,2023-06-28,481,263,0
B01250,H4,2022-07-20,311,238,1
B01251,H1,2024-11-15,246,187,1
B01252,H3,2024-04-23,322,172,0
B01253,H2,2024-12-20,391,340,0
B01254,H4,2022-05-28,235,75,0
B01255,H2,2022-06-02,482,397,1
B01256,H4,2022-05-24,169,377,1
B01257,H4,2022-10-03,320,343,0
B01258,H2,2024-05-17,427,300,0
B01259,H3,2022-10-27,434,67,0
B01260,H4,2022-10-13,229,315,1
B01261,H4,2024-03-23,318,194,0
B01262,H1,2022-08-13,324,327,1
B01263,H3,2024-01-09,429,479,1
B01264,H4,2023-02-06,178,353,1
B01265,H4,2022-12-28,446,295,0
B01266,H3,2024-09-14,488,174,1
B01267,H4,2022-09-10,181,101,0
B01268,H4,2022-01-09,375,93,0
B01269,H4,2022-05-04,130,204,1
B01270,H2,2024-12-28,373,97,1
B01271,H1,2022-03-17,150,87,1
B01272,H4,2024-08-16,198,184,0
B01273,H2,2024-05-06,368,483,1
B01274,H1,2022-07-12,464,480,0
B01275,H2,2022-10-27,124,325,1
B01276,H1,2022-09-27,192,193,0
B01277,H1,2022-02-26,264,172,1
B01278,H1,2022-05-13,359,361,1
B01279,H2,2022-07-16,198,230,1
B01280,H3,2024-01-23,453,493,1
B01281,H2,2024-11-07,178,345,1
B01282,H1,2023-11-07,257,255,0
B01283,H1,2024-07-04,376,382,0
B01284,H3,2023-04-02,179,147,1
B01285,H4,2024-01-17,253,151,0
B01286,H1,2023-10-09,204,282,0
B01287,H1,2022-03-03,246,424,0
B01288,H4,2024-11-24,245,451,1
B01289,H4,2024-12-29,384,191,0
B01290,H1,2022-03-17,288,98,0
B01291,H4,2022-03-07,287,485,1
B01292,H4,2023-06-28,268,312,1
B01293,H1,2024-08-31,445,152,1
B01294,H4,2022-11-10,418,274,0
B01295,H3,2023-01-07,386,445,1
B01296,H2,2022-03-25,163,476,1
B01297,H1,2024-03-21,457,477,1
B01298,H3,2023-07-29,147,310,1
B01299,H1,2024-03-14,138,366,0
B01300,H4,2022-09-12,177,272,0
B01301,H2,2023-04-30,442,160,0
B01302,H4,2024-05-06,122,117,0
B01303,H4,2022-01-25,348,283,1
B01304,H3,2023-09-01,171,335,1
B01305,H4,2024-09-25,254,148,1
B01306,H1,2022-12-01,193,142,0
B01307,H1,2024-03-05,438,103,0
B01308,H1,2024-01-20,311,52,1
B01309,H1,2022-03-07,205,227,1
B01310,H4,2023-08-29,298,346,1
B01311,H1,2023-12-07,476,367,1
B01312,H4,2023-01-07,346,361,1
B01313,H2,2024-05-01,149,68,0
B01314,H4,2022-04-02,170,174,1
B01315,H1,2024-12-01,432,110,0
B01316,H1,2023-02-13,323,105,1
B01317,H3,2022-05-04,346,148,1
B01318,H3,2022-06-13,358,479,0
B01319,H4,2024-01-10,299,315,0
B01320,H3,2023-05-25,450,500,0
B01321,H3,2023-04-24,357,217,0
B01322,H2,2022-03-30,330,451,1
B01323,H3,2022-09-19,380,93,1
B01324,H4,2022-03-10,368,144,1
B01325,H2,2022-08-15,242,330,0
B01326,H4,2022-03-03,125,320,1
B01327,H3,2024-10-10,340,449,0
B01328,H2,2023-11-13,331,108,1
B01329,H1,2022-01-28,368,411,1
B01330,H1,2023-12-04,244,361,1
B01331,H2,2022-11-30,166,433,1
B01332,H1,2024-12-21,253,281,0
B01333,H3,2024-06-29,174,242,0
B01334,H3,2024-06-28,251,439,1
B01335,H2,2023-08-02,219,245,1
B01336,H3,2023-11-28,308,216,1
B01337,H3,2022-09-28,143,233,1
B01338,H3,2023-11-01,160,156,0
B01339,H4,2024-01-05,281,217,1
B01340,H1,2022-12-10,221,163,1
B01341,H4,2024-05-10,388,68,1
B01342,H4,2023-12-25,175,142,1
B01343,H2,2023-12-26,441,109,1
B01344,H4,2023-12-28,123,476,0
B01345,H4,2023-01-24,343,80,1
B01346,H3,2022-04-28,356,405,0
B01347,H3,2024-02-26,466,499,1
B01348,H3,2023-12-28,263,157,0
B01349,H4,2024-05-15,318,84,1
B01350,H1,2024-01-08,317,476,0
B01351,H3,2024-12-29,297,442,1
B01352,H1,2022-08-01,491,257,1
B01353,H4,2024-07-18,241,267,0
B01354,H4,2022-03-08,430,95,0
B01355,H4,2023-08-25,171,136,0
B01356,H1,2024-05-10,171,323,1
B01357,H4,2023-03-22,186,187,1
B01358,H2,2023-03-05,342,405,0
B01359,H3,2023-04-23,147,140,1
B01360,H3,2023-05-19,148,135,0
B01361,H1,2023-07-01,269,448,1
B01362,H2,2022-07-06,437,101,0
B01363,H2,2022-04-03,244,380,0
B01364,H4,2022-08-07,349,293,1
B01365,H2,2022-04-07,500,55,1
B01366,H1,2022-04-29,445,490,0
B01367,H3,2022-07-25,249,204,0
B01368,H4,2023-01-08,140,416,1
B01369,H4,2023-07-10,388,66,1
B01370,H3,2022-04-09,293,127,0
B01371,H3,2024-01-14,176,343,0
B01372,H3,2024-12-26,201,133,1
B01373,H3,2023-09-19,146,311,0
B01374,H2,2024-06-25,402,139,1
B01375,H3,2022-03-26,441,207,1
B01376,H2,2022-02-13,184,196,1
B01377,H1,2023-11-15,481,378,0
B01378,H4,2022-08-09,178,137,1
B01379,H1,2023-07-12,107,409,0
B01380,H3,2022-04-17,440,425,0
B01381,H3,2022-02-24,229,93,1
B01382,H3,2024-06-05,246,151,1
B01383,H3,2023-11-20,328,404,1
B01384,H1,2023-06-02,126,72,0
B01385,H4,2024-03-15,112,454,0
B01386,H3,2023-04-17,296,169,1
B01387,H1,2024-03-02,476,113,0
B01388,H3,2023-12-11,461,427,1
B01389,H2,2023-02-20,329,334,0
B01390,H3,2024-01-29,147,135,1
B01391,H4,2023-05-10,287,365,0
B01392,H3,2024-11-11,435,451,0
B01393,H2,2022-01-15,266,95,0
B01394,H1,2023-09-01,361,426,0
B01395,H1,2024-11-11,100,438,0
B01396,H4,2024-06-06,500,141,1
B01397,H2,2022-02-05,290,115,1
B01398,H1,2022-11-17,347,207,1
B01399,H4,2024-03-04,218,179,1
B01400,H3,2023-10-01,434,306,0
B01401,H1,2022-03-13,316,210,0
B01402,H1,2022-12-08,249,311,1
B01403,H2,2024-08-26,252,486,1
B01404,H4,2022-11-14,369,54,0
B01405,H1,2022-11-16,334,361,1
B01406,H2,2023-06-01,425,317,0
B01407,H1,2023-09-24,425,146,1
B01408,H2,2024-10-04,436,318,0
B01409,H1,2024-07-19,494,53,0
B01410,H2,2024-08-10,371,315,0
B01411,H2,2024-02-07,342,129,0
B01412,H3,2022-04-27,143,435,1
B01413,H1,2022-07-07,170,93,0
B01414,H4,2022-07-06,392,457,0
B01415,H4,2022-09-05,206,304,1
B01416,H2,2023-11-14,208,110,0
B01417,H3,2023-04-22,390,54,1
B01418,H2,2022-08-13,382,385,0
B01419,H1,2022-07-28,344,418,1
B01420,H1,2022-02-02,450,76,0
B01421,H4,2022-08-09,344,226,0
B01422,H1,2023-10-18,454,363,0
B01423,H4,2023-11-06,362,400,1
B01424,H2,2024-10-13,441,401,0
B01425,H1,2024-08-23,354,299,1
B01426,H2,2024-03-17,251,231,0
B01427,H1,2024-08-01,409,250,1
B01428,H1,2022-02-15,418,467,0
B01429,H4,2024-03-15,237,421,1
B01430,H4,2024-06-26,424,357,0
B01431,H4,2023-01-17,357,199,0
B01432,H1,2023-02-13,478,407,1
B01433,H2,2022-12-04,483,157,0
B01434,H1,2024-02-23,347,347,1
B01435,H3,2023-08-26,477,100,0
B01436,H2,2024-06-27,489,399,1
B01437,H2,2023-03-11,292,500,0
B01438,H2,2024-11-17,306,314,0
B01439,H4,2022-07-05,279,454,1
B01440,H3,2024-11-25,394,195,0
B01441,H3,2022-02-22,267,464,1
B01442,H3,2022-03-10,172,355,1
B01443,H4,2022-07-24,322,147,0
B01444,H1,2024-01-05,425,147,0
B01445,H1,2024-08-17,453,306,1
B01446,H1,2023-02-09,420,56,0
B01447,H3,2022-08-22,197,89,0
B01448,H2,2024-11-14,368,162,0
B01449,H4,2022-05-28,371,224,1
B01450,H1,2022-07-08,469,161,0
B01451,H3,2024-03-18,348,294,1
B01452,H2,2022-01-08,440,54,0
B01453,H2,2022-04-28,346,105,1
B01454,H4,2022-11-19,442,162,1
B01455,H1,2024-05-06,232,104,1
B01456,H1,2024-06-07,205,394,1
B01457,H2,2022-10-19,213,245,0
B01458,H2,2023-11-21,426,193,1
B01459,H3,2022-04-25,103,52,1
B01460,H3,2023-06-07,125,75,1
B01461,H4,2022-03-26,326,367,1
B01462,H2,2022-11-22,487,404,1
B01463,H3,2022-12-16,482,223,0
B01464,H3,2022-05-02,492,482,1
B01465,H2,2024-11-15,180,376,0
B01466,H4,2024-02-08,149,497,0
B01467,H4,2022-07-04,415,224,0
B01468,H3,2022-05-25,373,288,1
B01469,H3,2024-12-07,192,164,1
B01470,H2,2024-04-17,499,265,0
B01471,H4,2022-01-09,172,219,1
B01472,H2,2024-03-12,247,452,1
B01473,H3,2024-07-03,344,94,0
B01474,H1,2023-05-24,366,481,0
B01475,H2,2023-09-07,456,61,1
B01476,H3,2022-05-03,191,345,1
B01477,H3,2024-06-16,276,50,0
B01478,H3,2023-08-20,398,221,1
B01479,H1,2024-10-23,136,185,1
B01480,H2,2024-07-05,156,402,1
B01481,H4,2022-03-21,345,285,0
B01482,H4,2024-06-15,372,350,0
B01483,H3,2022-11-18,178,89,1
B01484,H3,2024-02-12,318,192,0
B01485,H3,2022-07-30,496,129,0
B01486,H2,2022-01-17,106,332,0
B01487,H4,2022-02-28,151,159,1
B01488,H3,2024-07-29,325,277,0
B01489,H1,2023-05-27,318,282,0
B01490,H2,2022-04-28,346,291,0
B01491,H3,2024-10-23,145,249,0
B01492,H3,2023-03-01,319,475,0
B01493,H3,2024-07-12,212,338,1
B01494,H1,2023-09-10,233,92,0
B01495,H1,2022-07-11,158,462,0
B01496,H4,2024-06-24,444,322,0
B01497,H2,2024-07-24,278,386,0
B01498,H3,2022-03-25,490,150,1
B01499,H4,2023-04-24,270,488,1
B01500,H1,2022-05-01,476,145,0
B01501,H1,2024-05-18,189,242,1
B01502,H1,2023-06-26,425,74,1
B01503,H2,2022-08-28,258,498,1
B01504,H1,2024-01-25,249,179,1
B01505,H2,2022-12-27,388,285,1
B01506,H1,2024-07-20,418,284,1
B01507,H2,2024-11-13,405,186,1
B01508,H2,2024-10-15,241,240,1
B01509,H4,2022-01-18,356,483,0
B01510,H3,2024-02-23,149,379,1
B01511,H3,2024-05-04,324,367,1
B01512,H2,2022-06-10,185,405,0
B01513,H2,2023-11-20,499,83,1
B01514,H1,2022-12-17,255,349,1
B01515,H1,2024-02-02,439,303,1
B01516,H2,2022-06-05,104,380,1
B01517,H3,2023-10-29,160,463,1
B01518,H1,2022-03-14,253,60,0
B01519,H2,2023-09-10,253,96,0
B01520,H2,2024-07-26,226,296,1
B01521,H4,2024-11-15,435,189,0
B01522,H3,2024-08-03,324,439,0
B01523,H4,2024-12-25,193,475,0
B01524,H1,2023-05-25,422,102,1
B01525,H3,2024-02-18,476,265,0
B01526,H1,2022-08-12,180,195,1
B01527,H3,2022-01-23,167,261,1
B01528,H4,2023-11-10,296,326,1
B01529,H1,2022-05-18,474,90,1
B01530,H2,2023-10-31,317,219,1
B01531,H3,2024-12-06,419,56,0
B01532,H2,2024-01-05,160,374,1
B01533,H3,2022-10-31,490,245,0
B01534,H3,2024-05-28,306,281,0
B01535,H2,2022-11-05,500,206,0
B01536,H1,2023-05-07,459,456,1
B01537,H4,2024-07-17,141,317,1
B01538,H1,2024-09-22,296,57,1
B01539,H2,2024-03-29,237,108,1
B01540,H3,2024-07-31,352,188,0
B01541,H2,2024-02-07,183,303,0
B01542,H1,2024-02-26,435,81,0
B01543,H1,2022-07-07,333,375,1
B01544,H1,2022-05-03,270,443,0
B01545,H3,2024-11-24,147,316,0
B01546,H3,2024-05-17,436,237,0
B01547,H3,2024-11-19,489,444,1
B01548,H1,2024-04-22,276,92,1
B01549,H2,2022-12-08,498,199,1
B01550,H4,2022-08-30,455,122,1
B01551,H4,2024-09-16,129,84,0
B01552,H3,2022-03-25,308,336,1
B01553,H1,2023-12-09,273,393,0
B01554,H2,2022-10-19,207,239,1
B01555,H4,2022-09-18,138,342,0
B01556,H2,2022-02-13,146,353,0
B01557,H3,2022-10-28,146,145,1
B01558,H3,2022-09-04,338,112,1
B01559,H4,2022-11-24,369,204,1
B01560,H4,2023-02-16,263,267,1
B01561,H2,2022-07-29,192,210,0
B01562,H4,2024-10-14,132,232,0
B01563,H1,2022-01-30,334,307,1
B01564,H4,2022-04-17,373,131,1
B01565,H4,2024-10-12,239,478,0
B01566,H1,2023-12-21,487,90,1
B01567,H1,2022-07-24,428,144,0
B01568,H4,2024-06-14,371,428,0
B01569,H3,2022-08-05,229,301,0
B01570,H4,2022-07-24,385,455,1
B01571,H1,2024-05-06,233,218,1
B01572,H4,2024-11-03,246,331,0
B01573,H2,2024-12-18,242,149,1
B01574,H4,2023-08-16,424,389,1
B01575,H2,2023-09-20,168,53,0
B01576,H1,2024-04-30,128,177,0
B01577,H1,2022-10-17,310,373,1
B01578,H4,2024-11-06,485,274,1
B01579,H2,2024-12-06,182,146,1
B01580,H1,2024-02-17,451,51,0
B01581,H2,2024-10-28,215,475,1
B01582,H2,2022-02-10,429,297,0
B01583,H3,2023-02-26,312,281,0
B01584,H2,2023-08-14,285,58,1
B01585,H4,2023-09-23,295,295,0
B01586,H4,2024-10-27,455,294,1
B01587,H2,2023-12-16,197,439,0
B01588,H2,2023-04-26,312,307,0
B01589,H1,2023-09-13,343,444,1
B01590,H2,2024-08-19,332,458,0
B01591,H3,2024-09-04,388,52,1
B01592,H3,2022-03-29,350,321,1
B01593,H1,2024-01-13,405,250,0
B01594,H2,2024-05-26,494,458,0
B01595,H2,2022-03-11,487,289,1
B01596,H2,2023-10-05,142,91,0
B01597,H2,2023-03-08,469,111,1
B01598,H4,2024-08-16,338,124,0
B01599,H2,2024-07-17,418,446,0
B01600,H4,2024-11-24,474,313,1
B01601,H3,2024-06-26,232,140,0
B01602,H4,2024-02-14,163,479,1
B01603,H4,2024-03-26,290,269,1
B01604,H2,2022-12-01,237,99,1
B01605,H2,2022-01-14,430,372,1
B01606,H1,2024-05-08,417,277,1
B01607,H4,2024-12-26,189,240,1
B01608,H3,2024-06-06,108,409,1
B01609,H3,2023-07-23,478,302,1
B01610,H2,2022-06-18,499,145,1
B01611,H4,2024-04-28,497,302,1
B01612,H2,2022-02-10,236,411,1
B01613,H4,2022-11-30,166,129,1
B01614,H3,2022-12-24,349,363,1
B01615,H4,2022-09-01,100,310,1
B01616,H2,2023-02-26,101,434,0
B01617,H1,2024-02-10,383,52,0
B01618,H3,2024-06-05,324,276,1
B01619,H4,2023-05-24,271,64,1
B01620,H2,2023-01-19,493,431,1
B01621,H1,2022-01-20,405,322,1
B01622,H2,2024-05-07,390,177,0
B01623,H2,2023-08-23,119,54,1
B01624,H1,2024-04-04,425,88,1
B01625,H4,2022-11-12,420,497,1
B01626,H3,2023-10-03,401,58,0
B01627,H4,2023-02-13,495,409,1
B01628,H3,2022-09-08,133,315,1
B01629,H4,2024-04-24,266,198,1
B01630,H1,2022-05-13,224,282,1
B01631,H2,2022-09-02,149,94,1
B01632,H1,2022-01-13,185,344,0
B01633,H2,2022-11-18,262,484,1
B01634,H3,2023-11-07,427,473,1
B01635,H4,2023-10-20,203,269,1
B01636,H4,2022-08-18,461,476,0
B01637,H1,2024-05-31,346,207,0
B01638,H1,2024-12-26,323,79,0
B01639,H4,2024-02-06,219,155,1
B01640,H3,2022-05-01,297,217,1
B01641,H2,2022-06-08,202,102,1
B01642,H4,2024-04-03,251,400,1
B01643,H4,2024-12-07,130,212,0
B01644,H1,2024-10-20,210,443,1
B01645,H4,2024-02-09,465,400,0
B01646,H3,2022-09-16,429,362,0
B01647,H3,2023-04-18,310,340,1
B01648,H1,2023-12-25,370,230,1
B01649,H3,2024-10-04,178,469,0
B01650,H4,2023-03-11,454,423,0
B01651,H3,2023-03-28,221,140,1
B01652,H1,2024-05-21,187,179,0
B01653,H3,2024-01-19,452,132,0
B01654,H1,2022-03-21,140,115,0
B01655,H4,2022-02-25,475,327,0
B01656,H3,2023-04-02,410,357,1
B01657,H3,2022-06-18,179,198,1
B01658,H3,2024-12-02,240,117,0
B01659,H1,2024-02-04,330,53,1
B01660,H2,2023-03-05,272,428,0
B01661,H4,2022-09-03,454,356,0
B01662,H2,2023-10-31,214,448,0
B01663,H4,2024-03-25,374,88,1
B01664,H1,2024-05-29,314,119,1
B01665,H3,2023-06-13,157,93,0
B01666,H4,2022-07-17,286,452,1
B01667,H4,2024-09-19,401,399,0
B01668,H4,2023-12-24,495,61,0
B01669,H1,2022-06-23,382,228,1
B01670,H1,2024-05-25,127,147,0
B01671,H2,2022-04-14,425,288,0
B01672,H2,2023-12-18,126,406,1
B01673,H1,2023-12-10,363,432,1
B01674,H1,2022-04-07,452,184,0
B01675,H3,2024-05-05,165,238,0
B01676,H1,2023-10-04,168,407,1
B01677,H3,2022-03-31,329,415,1
B01678,H1,2023-03-20,472,446,0
B01679,H2,2023-06-28,119,108,1
B01680,H1,2022-10-07,290,382,1
B01681,H4,2023-03-18,440,452,0
B01682,H3,2023-04-02,489,428,1
B01683,H2,2023-10-24,266,121,0
B01684,H4,2022-07-30,213,257,0
B01685,H4,2022-06-11,315,321,0
B01686,H2,2022-03-29,143,399,1
B01687,H4,2024-01-06,177,146,1
B01688,H1,2023-02-28,403,152,1
B01689,H4,2023-12-23,460,129,1
B01690,H2,2023-06-23,233,264,1
B01691,H2,2023-07-06,391,281,0
B01692,H1,2023-07-27,408,468,0
B01693,H2,2022-01-27,369,373,1
B01694,H1,2022-05-06,101,137,1
B01695,H3,2023-12-12,176,89,1
B01696,H4,2024-11-29,390,461,0
B01697,H2,2022-03-22,320,114,1
B01698,H4,2023-07-10,199,432,0
B01699,H1,2024-01-01,127,152,0
B01700,H2,2024-12-17,452,165,1
B01701,H2,2022-07-25,120,285,0
B01702,H1,2022-12-02,447,147,0
B01703,H4,2023-04-15,270,182,0
B01704,H2,2022-09-30,279,113,1
B01705,H3,2023-05-10,496,74,0
B01706,H4,2024-10-23,228,154,0
B01707,H4,2022-09-11,334,342,0
B01708,H4,2022-10-26,309,274,1
B01709,H3,2023-12-22,104,380,0
B01710,H3,2022-09-19,351,211,1
B01711,H3,2023-06-19,136,282,0
B01712,H4,2022-03-11,410,53,0
B01713,H3,2022-02-13,408,400,1
B01714,H4,2023-10-11,184,424,0
B01715,H4,2022-05-10,374,356,0
B01716,H1,2022-02-02,284,201,0
B01717,H2,2022-06-09,428,367,0
B01718,H3,2022-03-27,398,57,1
B01719,H2,2022-10-25,426,474,1
B01720,H3,2024-12-01,452,419,1
B01721,H2,2024-02-24,420,264,0
B01722,H1,2024-10-18,471,397,0
B01723,H3,2024-11-09,347,319,0
B01724,H1,2024-02-16,368,436,1
B01725,H4,2022-01-13,246,239,0
B01726,H3,2024-09-26,239,390,1
B01727,H1,2024-07-10,404,132,0
B01728,H2,2024-09-13,330,451,0
B01729,H4,2022-11-29,448,266,0
B01730,H1,2023-01-25,357,295,1
B01731,H1,2022-03-15,454,223,1
B01732,H4,2022-09-06,481,80,1
B01733,H1,2024-08-22,323,431,0
B01734,H1,2022-02-01,303,157,1
B01735,H2,2024-05-23,151,340,0
B01736,H3,2023-03-03,144,313,0
B01737,H3,2024-05-26,163,340,1
B01738,H3,2023-11-15,276,434,1
B01739,H2,2023-05-23,289,149,0
B01740,H3,2024-11-23,468,100,1
B01741,H3,2024-04-19,344,53,1
B01742,H1,2022-02-27,377,318,1
B01743,H4,2022-06-22,253,179,0
B01744,H1,2024-02-26,480,356,1
B01745,H3,2023-02-28,304,122,0
B01746,H1,2024-06-16,136,220,0
B01747,H1,2023-12-30,161,261,0
B01748,H3,2022-11-02,298,256,1
B01749,H4,2023-01-02,500,500,1
B01750,H1,2024-02-03,283,310,0
B01751,H2,2023-06-07,206,197,1
B01752,H4,2023-12-10,266,147,1
B01753,H1,2023-06-23,221,73,1
B01754,H1,2023-09-04,451,137,0
B01755,H1,2022-02-16,353,171,0
B01756,H4,2023-10-19,283,60,0
B01757,H3,2024-04-24,468,99,0
B01758,H4,2023-10-10,417,301,1
B01759,H2,2024-06-24,499,384,1
B01760,H2,2023-08-20,154,112,0
B01761,H4,2024-01-22,236,340,1
B01762,H4,2024-06-05,309,432,1
B01763,H1,2023-11-13,222,467,0
B01764,H2,2023-08-30,236,270,1
B01765,H4,2023-11-10,121,194,1
B01766,H4,2023-07-02,272,430,0
B01767,H1,2024-09-29,409,143,0
B01768,H1,2022-07-07,167,171,1
B01769,H2,2023-01-13,445,498,0
B01770,H2,2024-08-14,155,86,1
B01771,H1,2022-01-16,155,363,1
B01772,H3,2024-09-02,150,104,0
B01773,H4,2024-08-22,196,386,1
B01774,H3,2023-08-26,499,486,1
B01775,H1,2022-03-07,159,56,1
B01776,H1,2023-03-26,208,124,0
B01777,H3,2022-06-15,337,317,1
B01778,H1,2024-07-13,262,195,1
B01779,H4,2023-05-15,309,399,0
B01780,H4,2024-04-21,325,332,1
B01781,H4,2023-11-08,291,425,1
B01782,H4,2023-01-01,256,312,0
B01783,H1,2024-06-25,225,315,1
B01784,H2,2023-11-25,485,338,1
B01785,H3,2024-11-19,351,150,1
B01786,H1,2022-10-31,255,177,1
B01787,H2,2023-02-08,347,141,0
B01788,H2,2024-01-14,474,216,0
B01789,H1,2023-01-21,307,303,0
B01790,H4,2022-07-31,132,445,0
B01791,H2,2023-08-31,351,356,1
B01792,H2,2022-06-30,473,493,1
B01793,H2,2024-10-04,417,425,0
B01794,H4,2024-02-27,329,323,1
B01795,H1,2022-10-01,108,184,0
B01796,H3,2022-12-11,392,493,1
B01797,H3,2022-12-27,228,409,0
B01798,H4,2022-12-28,224,125,0
B01799,H4,2023-10-10,432,245,0
B01800,H1,2022-04-21,263,162,1
B01801,H1,2023-11-30,139,341,0
B01802,H3,2024-06-29,238,398,0
B01803,H4,2023-12-30,225,317,0
B01804,H4,2024-06-08,243,92,0
B01805,H1,2024-08-19,422,269,0
B01806,H1,2022-05-03,379,135,0
B01807,H2,2024-08-07,402,91,1
B01808,H2,2022-06-27,324,261,1
B01809,H2,2022-04-24,467,119,1
B01810,H2,2023-12-25,373,63,1
B01811,H1,2022-04-07,229,192,1
B01812,H2,2022-11-09,361,218,0
B01813,H4,2022-06-24,187,105,0
B01814,H4,2022-08-02,486,434,0
B01815,H4,2022-08-18,143,325,1
B01816,H2,2024-06-13,227,463,0
B01817,H2,2023-05-02,401,477,1
B01818,H2,2024-02-16,279,320,1
B01819,H1,2023-04-02,103,90,0
B01820,H3,2024-12-14,458,70,0
B01821,H4,2024-09-08,409,454,0
B01822,H3,2022-10-22,289,492,1
B01823,H4,2023-02-28,117,115,1
B01824,H4,2022-10-07,269,369,0
B01825,H2,2023-07-02,265,84,1
B01826,H4,2024-07-30,427,387,0
B01827,H3,2024-08-09,215,316,1
B01828,H1,2024-07-11,495,315,1
B01829,H2,2024-10-28,170,147,0
B01830,H3,2023-12-25,334,63,1
B01831,H4,2024-05-11,132,208,1
B01832,H4,2022-07-16,492,233,0
B01833,H2,2023-09-06,359,213,0
B01834,H3,2023-03-19,271,89,0
B01835,H1,2024-08-17,178,484,0
B01836,H2,2022-04-12,412,374,1
B01837,H1,2022-11-17,382,244,1
B01838,H4,2023-02-02,481,437,1
B01839,H2,2022-04-03,482,232,0
B01840,H2,2023-04-12,437,451,0
B01841,H1,2024-05-17,113,446,1
B01842,H2,2023-06-11,295,220,1
B01843,H2,2023-01-06,135,310,1
B01844,H4,2022-03-01,173,239,1
B01845,H4,2023-06-03,140,83,1
B01846,H3,2023-09-30,240,498,0
B01847,H3,2022-05-18,217,431,0
B01848,H1,2022-08-25,180,361,1
B01849,H1,2023-04-09,280,236,1
B01850,H4,2023-10-09,138,309,1
B01851,H1,2023-08-06,290,432,0
B01852,H2,2022-05-20,475,158,1
B01853,H3,2024-10-22,247,305,1
B01854,H2,2022-09-23,326,436,1
B01855,H3,2022-09-13,167,434,0
B01856,H4,2023-05-22,329,390,1
B01857,H1,2023-10-06,438,419,1
B01858,H1,2023-06-18,447,120,0
B01859,H3,2023-10-04,432,469,1
B01860,H4,2024-12-07,342,382,1
B01861,H1,2023-06-10,293,121,1
B01862,H1,2022-03-29,316,230,0
B01863,H1,2024-11-05,495,102,0
B01864,H1,2024-07-27,489,166,0
B01865,H1,2023-01-16,434,472,0
B01866,H2,2023-12-12,381,187,1
B01867,H2,2024-12-14,375,80,1
B01868,H1,2024-02-16,169,218,1
B01869,H3,2022-12-03,146,344,1
B01870,H3,2022-01-23,383,232,0
B01871,H4,2023-01-01,374,197,1
B01872,H1,2024-10-30,485,247,0
B01873,H3,2023-07-31,152,283,0
B01874,H1,2023-05-11,184,391,1
B01875,H2,2024-08-13,119,240,0
B01876,H4,2023-10-26,412,403,1
B01877,H2,2022-03-21,482,109,0
B01878,H1,2024-06-04,468,345,0
B01879,H1,2022-12-16,500,470,0
B01880,H1,2023-02-11,271,313,0
B01881,H2,2023-09-15,368,111,0
B01882,H1,2023-06-24,153,249,1
B01883,H3,2022-11-08,294,164,1
B01884,H4,2023-03-07,417,345,0
B01885,H2,2023-05-14,449,238,1
B01886,H3,2023-07-18,185,375,1
B01887,H2,2022-04-04,135,167,1
B01888,H2,2023-06-16,485,416,0
B01889,H4,2022-01-25,190,155,1
B01890,H3,2022-05-09,404,422,0
B01891,H2,2023-10-26,139,204,1
B01892,H4,2024-07-15,315,246,0
B01893,H4,2023-12-31,438,326,1
B01894,H3,2023-03-28,119,232,1
B01895,H3,2024-12-28,317,215,0
B01896,H2,2023-07-02,259,234,1
B01897,H1,2023-07-02,123,120,0
B01898,H2,2022-05-13,151,474,1
B01899,H2,2024-05-02,490,473,1
B01900,H2,2024-06-12,478,60,1
B01901,H2,2024-10-30,404,452,0
B01902,H3,2024-07-24,171,413,0
B01903,H2,2024-07-02,367,315,0
B01904,H2,2022-10-22,233,303,1
B01905,H2,2023-02-04,374,232,0
B01906,H3,2022-12-03,244,325,1
B01907,H1,2023-09-09,255,331,0
B01908,H2,2023-09-24,448,367,0
B01909,H2,2024-08-27,332,477,1
B01910,H2,2023-05-13,217,131,1
B01911,H4,2023-01-02,335,419,1
B01912,H3,2023-07-18,274,142,0
B01913,H1,2024-05-28,162,167,1
B01914,H1,2023-02-20,397,123,0
B01915,H3,2022-05-26,134,305,1
B01916,H2,2022-10-31,186,72,0
B01917,H4,2023-06-02,149,181,0
B01918,H2,2023-04-30,321,340,1
B01919,H4,2022-02-27,335,103,0
B01920,H3,2024-12-11,321,79,0
B01921,H2,2023-07-15,227,240,0
B01922,H4,2023-04-07,468,57,1
B01923,H4,2024-10-25,407,292,0
B01924,H1,2022-02-13,119,454,0
B01925,H1,2022-04-04,323,91,1
B01926,H2,2024-05-03,339,382,1
B01927,H1,2022-08-18,219,133,0
B01928,H3,2023-12-29,396,285,1
B01929,H1,2023-04-27,481,156,1
B01930,H4,2023-08-09,277,215,0
B01931,H1,2024-04-06,173,419,1
B01932,H1,2024-09-04,488,419,0
B01933,H1,2023-08-24,222,400,0
B01934,H3,2023-10-17,229,372,1
B01935,H4,2024-12-05,493,267,1
B01936,H2,2022-01-11,473,101,1
B01937,H2,2024-10-09,271,205,0
B01938,H4,2022-02-11,455,142,0
B01939,H2,2022-09-14,100,81,1
B01940,H1,2022-08-28,288,469,1
B01941,H3,2024-01-28,475,163,1
B01942,H3,2024-09-25,341,459,1
B01943,H1,2022-06-12,329,228,0
B01944,H2,2024-07-04,228,280,0
B01945,H3,2023-01-11,421,467,0
B01946,H4,2022-01-29,179,252,0
B01947,H4,2023-05-06,330,305,0
B01948,H4,2022-11-19,488,363,1
B01949,H4,2024-02-29,435,370,1
B01950,H4,2024-02-09,423,413,0
B01951,H3,2022-11-01,484,220,0
B01952,H3,2024-04-21,266,491,1
B01953,H3,2023-02-06,147,365,1
B01954,H2,2022-09-07,343,330,1
B01955,H4,2022-11-22,396,99,0
B01956,H1,2022-02-24,229,246,1
B01957,H4,2023-02-10,300,91,0
B01958,H3,2022-02-28,310,204,0
B01959,H1,2022-05-06,130,89,0
B01960,H1,2022-12-11,481,170,0
B01961,H2,2024-04-07,178,275,0
B01962,H2,2023-05-09,433,272,1
B01963,H1,2024-12-09,498,152,1
B01964,H3,2024-06-23,387,245,1
B01965,H3,2023-06-03,349,347,1
B01966,H4,2024-06-20,281,443,0
B01967,H1,2023-03-07,232,481,0
B01968,H2,2024-03-13,260,84,1
B01969,H4,2022-04-10,382,80,0
B01970,H3,2022-01-02,424,144,0
B01971,H4,2022-08-17,237,104,1
B01972,H3,2022-10-10,339,153,1
B01973,H4,2022-11-22,351,319,0
B01974,H3,2022-01-10,499,86,0
B01975,H4,2023-05-23,323,229,0
B01976,H4,2022-12-04,343,130,0
B01977,H3,2022-05-21,428,83,1
B01978,H1,2022-05-12,446,63,0
B01979,H1,2023-08-27,320,57,0
B01980,H3,2024-06-29,445,375,0
B01981,H2,2023-01-23,352,169,0
B01982,H2,2022-08-21,107,350,0
B01983,H4,2022-08-22,260,50,0
B01984,H2,2022-05-20,470,255,1
B01985,H1,2022-08-23,240,398,0
B01986,H4,2022-12-13,132,393,1
B01987,H2,2024-12-26,443,331,1
B01988,H3,2022-02-14,352,253,0
B01989,H4,2023-09-08,236,401,1
B01990,H4,2022-03-26,223,329,1
B01991,H1,2024-07-26,222,248,0
B01992,H3,2022-01-20,484,75,1
B01993,H3,2024-12-11,207,329,0
B01994,H2,2022-03-31,392,448,0
B01995,H4,2022-02-13,238,383,1
B01996,H1,2023-11-10,444,388,0
B01997,H2,2022-07-27,272,331,0
B01998,H1,2024-01-10,376,125,1
B01999,H1,2023-05-15,259,202,1
B02000,H4,2024-06-30,309,423,1
B02001,H3,2024-11-20,188,191,0
B02002,H3,2023-08-29,202,478,1
B02003,H1,2022-04-29,318,480,0
B02004,H3,2023-11-12,166,66,0
B02005,H1,2023-05-22,462,204,0
B02006,H4,2023-06-05,125,447,0
B02007,H2,2024-04-02,384,480,1
B02008,H4,2022-04-28,458,90,1
B02009,H4,2023-08-02,216,110,1
B02010,H4,2023-09-22,440,147,0
B02011,H2,2022-01-06,137,204,1
B02012,H3,2024-05-31,300,266,0
B02013,H4,2023-03-25,295,174,0
B02014,H2,2022-11-08,191,111,0
B02015,H1,2022-04-01,278,122,1
B02016,H4,2023-02-07,391,374,0
B02017,H4,2023-04-30,371,63,1
B02018,H2,2023-07-02,108,429,1
B02019,H1,2023-06-20,444,339,1
B02020,H1,2022-05-23,304,195,0
B02021,H1,2024-04-04,137,298,1
B02022,H1,2022-03-03,327,317,0
B02023,H4,2022-05-21,382,442,0
B02024,H4,2022-02-27,150,253,0
B02025,H2,2023-05-31,475,494,0
B02026,H4,2022-09-04,374,327,1
B02027,H1,2023-10-24,489,165,0
B02028,H4,2022-12-26,136,487,0
B02029,H1,2023-12-05,188,92,0
B02030,H1,2023-04-11,176,113,1
B02031,H1,2023-08-13,419,208,0
B02032,H2,2024-09-06,205,493,0
B02033,H3,2023-12-04,198,183,1
B02034,H1,2022-12-10,105,94,0
B02035,H4,2023-02-23,359,249,0
B02036,H2,2023-01-31,444,415,1
B02037,H2,2022-01-04,445,138,0
B02038,H2,2022-07-13,236,349,1
B02039,H1,2024-02-05,247,490,0
B02040,H3,2023-08-21,218,448,0
B02041,H1,2024-07-24,489,439,0
B02042,H3,2022-02-09,159,226,1
B02043,H4,2024-10-29,164,453,1
B02044,H1,2022-01-17,196,105,0
B02045,H3,2022-09-18,181,386,0
B02046,H2,2022-10-25,465,458,1
B02047,H1,2024-10-30,446,112,0
B02048,H3,2022-06-05,395,107,0
B02049,H1,2024-01-19,407,435,0
B02050,H4,2022-12-31,155,54,0
B02051,H4,2022-12-12,214,134,0
B02052,H3,2022-08-31,310,450,0
B02053,H1,2022-10-23,327,140,1
B02054,H4,2024-08-19,274,106,0
B02055,H4,2024-07-07,329,475,0
B02056,H4,2023-12-08,434,302,0
B02057,H2,2022-05-10,223,448,1
B02058,H1,2024-07-14,371,265,0
B02059,H3,2023-12-08,467,233,1
B02060,H1,2024-09-29,362,74,1
B02061,H1,2022-07-24,149,315,0
B02062,H2,2023-02-25,185,298,1
B02063,H3,2024-04-08,254,202,0
B02064,H3,2022-11-19,197,53,0
B02065,H2,2022-08-05,484,406,1
B02066,H1,2023-03-01,356,210,0
B02067,H3,2024-08-31,241,357,1
B02068,H4,2023-10-17,416,436,1
B02069,H1,2024-01-22,115,497,0
B02070,H2,2024-06-30,260,389,1
B02071,H2,2024-05-17,371,139,1
B02072,H3,2023-03-21,309,191,0
B02073,H3,2023-08-10,348,52,1
B02074,H1,2024-11-15,307,114,1
B02075,H2,2022-03-26,402,263,0
B02076,H2,2022-07-21,230,399,0
B02077,H3,2024-06-05,299,119,0
B02078,H4,2022-04-27,485,491,1
B02079,H3,2024-11-17,432,319,1
B02080,H1,2023-09-05,219,68,1
B02081,H3,2022-10-24,111,250,0
B02082,H3,2022-04-08,362,395,1
B02083,H2,2022-09-06,414,406,0
B02084,H3,2024-06-14,425,203,1
B02085,H2,2024-02-17,302,333,1
B02086,H1,2024-07-26,174,152,0
B02087,H2,2024-07-27,362,288,1
B02088,H3,2024-04-28,368,398,0
B02089,H3,2023-06-17,409,116,0
B02090,H2,2022-06-11,147,240,0
B02091,H1,2022-08-16,216,72,0
B02092,H3,2023-04-13,463,483,1
B02093,H1,2024-06-22,181,491,1
B02094,H1,2024-10-11,131,99,0
B02095,H4,2023-01-16,249,281,1
B02096,H3,2024-02-15,475,229,1
B02097,H1,2023-08-28,417,385,1
B02098,H1,2023-04-27,295,411,1
B02099,H2,2024-03-30,118,139,1
B02100,H2,2024-01-24,412,202,0
B02101,H2,2022-07-20,215,81,1
B02102,H2,2023-10-13,246,280,1
B02103,H3,2022-04-30,106,483,0
B02104,H2,2024-06-12,276,310,1
B02105,H1,2022-05-01,101,483,1
B02106,H2,2023-05-02,142,115,1
B02107,H1,2023-07-10,204,251,1
B02108,H4,2024-12-08,259,262,1
B02109,H2,2024-01-16,446,308,1
B02110,H3,2022-03-09,141,372,1
B02111,H1,2024-10-22,237,102,1
B02112,H2,2024-05-25,461,137,0
B02113,H4,2024-11-27,347,288,0
B02114,H3,2022-06-28,470,500,0
B02115,H3,2024-06-01,305,98,1
B02116,H4,2024-02-11,417,331,0
B02117,H2,2023-08-27,103,355,0
B02118,H4,2023-05-24,307,316,1
B02119,H2,2022-04-16,236,322,1
B02120,H4,2022-09-06,386,235,1
B02121,H4,2023-02-28,197,399,0
B02122,H4,2022-11-23,379,194,1
B02123,H3,2023-06-30,343,393,1
B02124,H3,2022-08-29,307,170,1
B02125,H3,2024-01-08,350,96,0
B02126,H4,2022-02-25,183,142,0
B02127,H1,2023-12-30,291,328,0
B02128,H1,2023-07-30,495,175,0
B02129,H3,2024-05-11,231,201,1
B02130,H2,2024-07-10,372,428,1
B02131,H1,2023-04-04,160,237,1
B02132,H1,2022-03-29,138,120,0
B02133,H1,2023-02-15,286,347,0
B02134,H1,2024-05-07,281,459,1
B02135,H1,2022-04-11,224,377,0
B02136,H4,2022-12-18,141,496,1
B02137,H3,2024-12-18,475,160,0
B02138,H4,2024-09-21,384,134,1
B02139,H4,2023-09-04,311,148,0
B02140,H4,2023-05-07,360,53,1
B02141,H4,2024-07-27,350,412,1
B02142,H2,2024-02-24,337,53,1
B02143,H4,2024-09-14,499,77,0
B02144,H4,2023-10-09,173,174,1
B02145,H1,2022-06-27,192,345,0
B02146,H4,2024-08-02,495,114,0
B02147,H3,2023-01-08,302,288,1
B02148,H1,2022-08-01,167,488,0
B02149,H4,2024-08-04,481,290,1
B02150,H3,2022-09-14,130,246,0
B02151,H4,2022-03-21,254,428,1
B02152,H4,2024-08-31,226,259,1
B02153,H4,2024-08-08,403,437,0
B02154,H3,2024-04-19,304,140,1
B02155,H2,2022-03-04,434,221,1
B02156,H4,2022-02-27,313,106,0
B02157,H3,2022-05-02,476,133,1
B02158,H2,2023-06-13,240,222,1
B02159,H2,2022-01-02,276,91,1
B02160,H1,2023-09-26,174,302,0
B02161,H3,2022-03-08,114,424,0
B02162,H3,2023-11-17,481,264,0
B02163,H3,2023-10-25,377,467,1
B02164,H4,2022-01-01,483,182,1
B02165,H1,2023-01-18,171,167,0
B02166,H3,2022-05-29,307,319,1
B02167,H2,2022-09-26,209,491,1
B02168,H1,2022-05-06,415,381,1
B02169,H3,2024-12-22,446,389,0
B02170,H3,2023-12-23,440,279,1
B02171,H2,2024-06-19,315,168,0
B02172,H2,2024-08-12,116,75,0
B02173,H1,2022-06-11,456,131,0
B02174,H4,2023-05-14,252,148,0
B02175,H3,2024-08-15,228,459,0
B02176,H2,2023-03-09,299,252,0
B02177,H2,2023-11-09,113,143,1
B02178,H2,2023-09-24,332,338,1
B02179,H4,2024-10-12,447,474,0
B02180,H2,2022-07-26,240,193,0
B02181,H2,2023-04-04,267,64,0
B02182,H2,2024-02-09,335,309,0
B02183,H1,2022-10-26,376,402,1
B02184,H4,2024-07-08,124,137,0
B02185,H2,2022-09-22,165,493,0
B02186,H3,2023-11-03,283,80,0
B02187,H1,2022-04-01,294,143,0
B02188,H1,2023-05-12,491,201,1
B02189,H1,2024-05-05,317,253,1
B02190,H4,2022-08-20,427,54,0
B02191,H4,2023-10-09,374,482,1
B02192,H4,2024-08-18,358,461,0
B02193,H3,2024-07-04,147,380,0
B02194,H4,2023-05-05,159,410,0
B02195,H1,2023-03-24,343,423,1
B02196,H3,2022-01-31,385,457,1
B02197,H1,2023-01-25,263,461,1
B02198,H1,2023-04-28,268,443,0
B02199,H4,2022-07-23,258,228,0
B02200,H1,2023-06-03,225,142,0
B02201,H1,2023-09-13,211,191,1
B02202,H3,2023-12-04,223,492,1
B02203,H3,2022-09-23,249,351,0
B02204,H1,2024-12-21,246,200,1
B02205,H1,2022-02-27,377,174,0
B02206,H3,2024-10-25,323,456,1
B02207,H1,2023-06-05,377,190,1
B02208,H4,2024-09-19,145,484,1
B02209,H4,2022-04-08,421,444,0
B02210,H1,2022-11-21,168,172,0
B02211,H1,2024-04-16,121,68,0
B02212,H3,2022-10-30,223,379,0
B02213,H4,2022-07-25,341,350,1
B02214,H3,2023-12-11,153,287,1
B02215,H3,2024-01-20,479,196,0
B02216,H3,2023-12-11,394,365,0
B02217,H3,2024-11-18,444,172,0
B02218,H3,2024-11-20,388,434,0
B02219,H1,2024-03-10,211,308,1
B02220,H2,2023-12-13,121,422,0
B02221,H2,2024-01-31,104,103,1
B02222,H1,2022-04-03,386,169,0
B02223,H2,2023-03-13,285,233,0
B02224,H3,2022-05-18,125,78,1
B02225,H4,2024-10-15,480,264,1
B02226,H4,2024-09-12,429,261,1
B02227,H4,2023-05-31,487,358,0
B02228,H4,2024-07-31,386,417,0
B02229,H3,2023-08-17,389,437,0
B02230,H3,2022-05-28,317,404,0
B02231,H3,2024-03-06,281,115,0
B02232,H4,2024-05-30,409,478,0
B02233,H4,2023-11-15,193,171,1
B02234,H2,2022-11-20,334,350,0
B02235,H1,2023-06-11,353,409,0
B02236,H3,2024-06-02,425,497,0
B02237,H3,2022-03-08,401,474,0
B02238,H3,2022-02-25,403,152,0
B02239,H3,2022-10-13,153,496,1
B02240,H4,2024-10-13,222,123,0
B02241,H1,2023-06-11,198,73,1
B02242,H3,2024-03-30,339,242,1
B02243,H4,2022-03-02,479,200,1
B02244,H3,2023-11-18,347,115,1
B02245,H1,2022-03-30,351,222,0
B02246,H4,2022-02-11,107,334,0
B02247,H1,2024-12-19,457,467,1
B02248,H3,2023-07-16,403,484,0
B02249,H3,2023-10-09,212,412,0
B02250,H3,2023-12-06,423,65,1
B02251,H4,2024-10-21,397,318,0
B02252,H2,2022-09-03,364,487,1
B02253,H2,2022-01-03,492,467,1
B02254,H4,2024-10-16,145,378,0
B02255,H4,2024-12-10,271,269,1
B02256,H4,2024-10-23,318,177,1
B02257,H4,2024-02-10,149,292,0
B02258,H4,2023-05-13,209,337,1
B02259,H1,2024-08-30,119,72,0
B02260,H4,2022-03-24,474,193,0
B02261,H2,2024-06-09,189,402,1
B02262,H1,2022-03-22,385,495,0
B02263,H1,2023-01-04,354,476,0
B02264,H4,2022-04-06,472,53,1
B02265,H3,2023-02-06,345,236,0
B02266,H4,2022-07-24,444,57,0
B02267,H1,2024-03-31,297,398,1
B02268,H1,2024-12-20,186,381,0
B02269,H4,2023-12-22,434,136,1
B02270,H4,2024-10-20,497,172,1
B02271,H3,2024-11-04,255,222,0
B02272,H4,2022-02-13,208,227,1
B02273,H4,2022-12-27,459,303,0
B02274,H4,2024-04-23,305,70,0
B02275,H2,2024-10-07,319,238,1
B02276,H3,2024-09-14,222,331,1
B02277,H4,2024-06-05,400,356,1
B02278,H1,2023-02-04,315,182,0
B02279,H3,2024-06-08,219,141,0
B02280,H4,2024-06-18,331,415,0
B02281,H3,2022-10-07,363,415,1
B02282,H2,2023-11-09,464,223,1
B02283,H2,2022-07-26,336,160,0
B02284,H3,2022-05-02,340,439,0
B02285,H2,2022-01-10,258,222,0
B02286,H1,2023-08-02,276,373,1
B02287,H4,2022-12-19,401,306,0
B02288,H3,2023-08-06,500,203,1
B02289,H4,2022-12-20,476,153,0
B02290,H1,2024-05-15,351,233,1
B02291,H3,2022-12-01,377,59,1
B02292,H3,2023-08-14,339,373,1
B02293,H1,2022-03-19,329,157,1
B02294,H1,2022-12-16,499,389,1
B02295,H2,2022-01-03,105,168,0
B02296,H2,2023-02-14,254,362,1
B02297,H2,2024-12-03,286,323,0
B02298,H4,2024-08-06,204,193,1
B02299,H2,2024-10-31,112,127,0
B02300,H4,2023-07-31,449,129,1
B02301,H1,2024-10-25,324,468,1
B02302,H4,2023-09-05,450,470,1
B02303,H2,2022-01-09,430,107,0
B02304,H4,2024-12-22,493,439,0
B02305,H2,2024-01-14,488,460,0
B02306,H2,2022-07-27,377,457,1
B02307,H2,2024-04-12,130,442,0
B02308,H4,2024-08-02,156,187,1
B02309,H4,2024-12-12,374,82,0
B02310,H3,2024-07-13,248,482,1
B02311,H2,2024-06-15,386,271,0
B02312,H1,2022-03-21,210,124,0
B02313,H1,2023-04-06,307,316,0
B02314,H3,2024-06-09,432,435,1
B02315,H3,2023-12-26,174,185,0
B02316,H2,2024-11-22,451,264,1
B02317,H2,2023-05-24,110,437,0
B02318,H4,2023-06-15,168,273,1
B02319,H2,2023-02-01,250,112,0
B02320,H4,2022-06-11,452,116,1
B02321,H3,2024-01-05,222,410,1
B02322,H1,2023-01-06,264,346,1
B02323,H4,2024-05-23,215,87,0
B02324,H4,2022-04-10,369,292,1
B02325,H1,2023-10-05,358,334,1
B02326,H2,2024-07-18,158,344,0
B02327,H3,2023-02-21,170,313,0
B02328,H2,2023-08-19,405,163,1
B02329,H2,2024-08-06,362,365,0
B02330,H2,2022-04-05,243,111,0
B02331,H2,2024-01-21,290,196,1
B02332,H4,2022-01-17,440,416,1
B02333,H4,2024-04-26,335,95,0
B02334,H2,2023-05-19,236,166,0
B02335,H3,2023-01-18,477,205,0
B02336,H2,2024-10-14,439,484,1
B02337,H3,2022-03-27,165,215,1
B02338,H1,2024-04-01,108,199,1
B02339,H1,2022-05-30,367,488,0
B02340,H2,2022-07-26,246,195,1
B02341,H3,2024-09-29,331,472,0
B02342,H1,2024-12-15,201,426,1
B02343,H1,2022-02-22,246,118,0
B02344,H2,2022-07-02,427,449,0
B02345,H2,2024-05-07,112,210,1
B02346,H1,2024-02-04,271,209,0
B02347,H3,2022-09-21,359,452,1
B02348,H3,2022-07-25,491,92,1
B02349,H2,2024-10-21,250,350,1
B02350,H2,2024-08-28,314,212,0
B02351,H4,2024-11-13,436,347,1
B02352,H3,2023-06-22,128,276,1
B02353,H4,2022-01-07,263,474,1
B02354,H1,2022-09-29,218,78,1
B02355,H4,2024-11-22,239,446,1
B02356,H2,2022-12-27,366,51,1
B02357,H3,2022-02-17,243,100,0
B02358,H3,2024-08-12,495,261,1
B02359,H4,2024-09-02,394,292,1
B02360,H3,2022-12-31,269,197,0
B02361,H1,2023-08-31,217,425,1
B02362,H1,2024-07-27,325,135,0
B02363,H2,2022-02-26,339,484,0
B02364,H4,2022-11-22,178,278,1
B02365,H3,2024-05-06,265,140,0
B02366,H2,2024-10-15,491,110,1
B02367,H1,2022-07-10,119,245,0
B02368,H2,2024-03-13,243,66,1
B02369,H2,2023-05-11,355,491,1
B02370,H4,2023-05-16,282,249,0
B02371,H1,2024-07-23,257,486,0
B02372,H2,2023-05-25,392,291,0
B02373,H1,2024-05-28,336,369,1
B02374,H4,2024-12-07,466,84,0
B02375,H2,2024-01-27,155,69,0
B02376,H1,2023-08-30,216,101,1
B02377,H2,2022-04-19,431,398,1
B02378,H2,2023-06-26,354,164,0
B02379,H1,2024-06-04,227,271,0
B02380,H4,2022-02-14,466,389,1
B02381,H3,2023-01-16,103,65,0
B02382,H2,2022-03-22,249,415,0
B02383,H2,2022-06-04,273,364,0
B02384,H1,2023-05-17,132,119,1
B02385,H3,2024-01-14,438,350,1
B02386,H1,2023-03-15,224,158,0
B02387,H3,2024-09-11,264,228,0
B02388,H1,2023-01-10,125,86,0
B02389,H2,2024-05-11,384,321,1
B02390,H3,2024-01-15,374,200,1
B02391,H3,2023-08-09,273,149,1
B02392,H2,2023-04-22,261,229,1
B02393,H3,2023-01-10,276,88,0
B02394,H1,2024-01-29,354,482,1
B02395,H3,2024-03-24,283,164,1
B02396,H2,2023-12-06,297,468,1
B02397,H1,2024-02-01,448,106,1
B02398,H3,2023-03-09,102,99,1
B02399,H2,2022-02-19,358,413,0
B02400,H3,2023-04-14,403,463,0
B02401,H3,2023-04-28,298,89,0
B02402,H4,2024-08-02,269,178,1
B02403,H3,2024-06-11,260,125,1
B02404,H2,2024-10-11,417,445,1
B02405,H3,2024-03-25,174,358,0
B02406,H3,2023-04-29,223,452,1
B02407,H2,2023-06-06,118,344,1
B02408,H1,2023-07-06,384,392,0
B02409,H2,2023-04-02,308,205,1
B02410,H2,2023-08-15,449,96,0
B02411,H3,2024-09-09,162,60,1
B02412,H3,2022-05-12,467,469,0
B02413,H3,2024-06-12,442,337,0
B02414,H2,2024-12-01,303,222,0
B02415,H2,2023-01-18,393,440,0
B02416,H4,2022-08-20,158,430,0
B02417,H2,2024-01-11,337,297,1
B02418,H4,2023-10-22,481,479,0
B02419,H3,2023-08-07,321,318,1
B02420,H4,2022-02-14,140,430,1
B02421,H4,2023-06-24,185,348,0
B02422,H1,2024-06-04,493,156,1
B02423,H1,2024-05-28,255,241,1
B02424,H4,2024-07-22,342,134,0
B02425,H3,2022-07-27,290,325,0
B02426,H3,2022-02-23,290,79,0
B02427,H1,2024-04-20,434,225,0
B02428,H3,2024-09-30,157,495,0
B02429,H3,2023-04-26,276,69,0
B02430,H1,2024-01-12,336,160,1
B02431,H2,2022-04-22,236,447,1
B02432,H4,2022-03-27,115,398,0
B02433,H3,2024-06-03,259,126,0
B02434,H3,2023-03-29,368,309,0
B02435,H1,2024-03-22,152,132,0
B02436,H3,2023-08-01,352,352,0
B02437,H2,2023-03-07,472,68,1
B02438,H4,2022-04-10,347,99,0
B02439,H3,2023-07-14,433,135,0
B02440,H1,2023-03-30,232,312,0
B02441,H3,2022-04-14,354,488,1
B02442,H4,2022-04-14,441,53,0
B02443,H2,2023-02-21,463,295,0
B02444,H2,2023-01-02,259,178,1
B02445,H4,2023-11-08,464,430,0
B02446,H4,2022-08-04,196,130,0
B02447,H4,2023-07-21,454,225,1
B02448,H1,2022-01-18,281,374,1
B02449,H1,2024-09-11,481,384,0
B02450,H3,2022-12-13,459,64,0
B02451,H1,2022-11-25,326,379,1
B02452,H2,2023-11-14,271,475,1
B02453,H1,2023-07-07,327,179,0
B02454,H1,2024-08-25,221,375,0
B02455,H4,2022-04-30,390,433,0
B02456,H2,2024-08-29,200,309,1
B02457,H2,2023-06-07,180,337,1
B02458,H4,2023-03-19,436,256,0
B02459,H2,2023-04-19,471,430,0
B02460,H1,2023-10-20,244,121,1
B02461,H4,2023-09-17,449,205,0
B02462,H3,2022-09-05,128,315,0
B02463,H1,2023-05-22,376,107,1
B02464,H2,2024-10-09,467,240,0
B02465,H3,2024-07-05,415,76,0
B02466,H4,2023-05-03,104,87,0
B02467,H1,2022-07-05,440,273,0
B02468,H1,2023-03-11,282,222,0
B02469,H3,2022-08-26,121,78,1
B02470,H1,2024-05-10,352,443,1
B02471,H3,2022-02-26,375,499,1
B02472,H1,2023-12-26,139,382,0
B02473,H3,2022-11-28,222,322,0
B02474,H4,2023-03-19,207,147,1
B02475,H4,2023-11-04,212,258,0
B02476,H4,2024-01-16,306,53,0
B02477,H4,2023-04-24,455,106,0
B02478,H3,2024-08-30,478,479,1
B02479,H3,2023-02-13,288,78,0
B02480,H3,2023-02-14,389,101,1
B02481,H2,2024-10-23,426,164,1
B02482,H4,2023-02-10,281,436,0
B02483,H1,2024-10-26,269,333,1
B02484,H4,2023-11-17,262,448,1
B02485,H4,2023-04-13,431,287,1
B02486,H3,2024-05-15,151,204,0
B02487,H2,2023-12-10,176,283,1
B02488,H1,2024-11-09,225,234,0
B02489,H3,2023-07-02,166,182,0
B02490,H3,2024-10-23,457,66,1
B02491,H4,2023-07-28,289,260,0
B02492,H1,2022-11-12,295,274,1
B02493,H2,2023-11-01,473,221,0
B02494,H3,2024-02-05,172,342,1
B02495,H4,2024-05-03,459,391,0
B02496,H4,2022-07-16,191,464,1
B02497,H3,2024-04-19,208,407,0
B02498,H1,2024-07-18,150,227,1
B02499,H2,2022-01-13,151,194,1
B02500,H4,2024-11-07,275,387,0
B02501,H2,2023-05-27,236,264,0
B02502,H4,2024-02-21,202,207,1
B02503,H3,2023-07-02,465,368,1
B02504,H2,2022-01-07,177,489,0
B02505,H2,2022-05-18,145,244,0
B02506,H1,2023-03-24,162,170,1
B02507,H4,2024-01-30,372,498,0
B02508,H4,2023-04-20,498,190,1
B02509,H2,2023-12-24,232,328,0
B02510,H3,2024-05-04,303,63,0
B02511,H1,2023-04-21,251,252,0
B02512,H4,2024-02-24,321,94,1
B02513,H4,2022-10-03,113,296,0
B02514,H2,2022-04-15,187,240,0
B02515,H1,2023-11-16,350,87,1
B02516,H2,2022-03-08,173,108,1
B02517,H3,2023-05-25,433,291,0
B02518,H3,2022-08-11,473,204,1
B02519,H2,2022-12-19,176,367,1
B02520,H1,2022-07-20,195,303,1
B02521,H1,2023-02-24,227,296,1
B02522,H2,2022-08-27,417,418,1
B02523,H2,2024-06-10,397,259,1
B02524,H2,2023-11-14,250,299,1
B02525,H3,2022-01-08,390,283,0
B02526,H1,2023-01-30,387,389,0
B02527,H3,2022-10-18,279,108,1
B02528,H1,2022-09-04,142,245,1
B02529,H3,2024-08-10,142,355,0
B02530,H4,2022-08-18,371,60,0
B02531,H3,2024-08-23,257,381,0
B02532,H2,2024-08-20,325,393,0
B02533,H2,2023-11-06,331,196,1
B02534,H1,2023-08-10,399,206,1
B02535,H3,2024-04-20,115,394,1
B02536,H4,2022-07-01,482,473,1
B02537,H1,2024-01-25,267,248,0
B02538,H4,2023-06-24,411,489,0
B02539,H2,2024-10-30,193,345,1
B02540,H3,2022-03-31,124,415,0
B02541,H1,2024-08-07,194,295,1
B02542,H2,2022-07-22,401,490,0
B02543,H2,2022-12-07,178,399,1
B02544,H1,2023-05-06,311,83,1
B02545,H4,2023-04-13,131,343,1
B02546,H4,2022-06-22,159,318,0
B02547,H1,2024-11-02,307,235,1
B02548,H2,2023-03-31,380,83,1
B02549,H4,2023-11-26,499,362,1
B02550,H4,2024-03-23,154,284,0
B02551,H3,2023-06-15,374,387,0
B02552,H1,2022-03-01,393,492,0
B02553,H2,2023-06-21,319,236,0
B02554,H3,2022-08-16,145,79,1
B02555,H1,2022-01-28,172,412,1
B02556,H3,2023-07-07,424,94,0
B02557,H1,2023-02-20,244,72,0
B02558,H3,2022-03-20,160,150,0
B02559,H2,2022-12-30,284,448,0
B02560,H3,2022-10-13,491,337,0
B02561,H3,2024-04-01,285,193,0
B02562,H4,2022-06-10,240,446,1
B02563,H2,2023-08-16,148,89,0
B02564,H1,2022-02-28,102,371,1
B02565,H4,2022-08-29,254,495,1
B02566,H1,2023-11-06,477,420,1
B02567,H3,2023-06-13,150,384,0
B02568,H3,2023-03-11,195,480,1
B02569,H1,2023-07-21,375,110,0
B02570,H1,2023-05-18,270,280,1
B02571,H2,2022-04-06,483,90,0
B02572,H2,2024-06-22,385,174,0
B02573,H3,2023-02-03,256,99,1
B02574,H3,2023-12-19,458,443,1
B02575,H4,2023-09-13,448,273,0
B02576,H4,2023-05-09,396,120,0
B02577,H4,2024-10-27,219,495,0
B02578,H3,2023-05-10,205,378,0
B02579,H4,2023-12-26,241,236,0
B02580,H2,2022-10-18,313,135,1
B02581,H4,2022-12-24,398,439,1
B02582,H3,2022-05-19,467,173,1
B02583,H4,2022-09-19,174,437,0
B02584,H1,2023-01-18,203,366,0
B02585,H2,2024-01-21,403,222,0
B02586,H2,2022-04-28,333,388,0
B02587,H3,2023-07-15,456,103,1
B02588,H2,2022-04-23,101,124,1
B02589,H3,2023-02-16,381,431,1
B02590,H2,2022-06-05,271,68,0
B02591,H4,2024-04-05,223,291,1
B02592,H4,2023-07-05,277,99,0
B02593,H4,2022-10-28,171,468,1
B02594,H2,2024-01-09,302,171,0
B02595,H2,2024-05-22,340,94,1
B02596,H1,2023-04-10,206,72,1
B02597,H3,2023-11-25,213,445,1
B02598,H2,2024-05-06,110,284,0
B02599,H3,2023-02-26,185,457,1
B02600,H4,2023-09-03,367,361,1
B02601,H2,2022-10-06,146,238,0
B02602,H1,2024-10-02,423,373,0
B02603,H1,2024-02-22,213,114,0
B02604,H1,2023-02-28,395,354,1
B02605,H3,2023-03-11,230,418,0
B02606,H1,2024-07-04,212,439,1
B02607,H2,2022-01-26,299,92,0
B02608,H1,2024-12-27,238,107,1
B02609,H3,2024-12-11,304,246,0
B02610,H1,2022-09-15,350,441,0
B02611,H1,2023-03-25,312,374,1
B02612,H4,2023-02-10,259,166,0
B02613,H3,2023-04-05,396,374,0
B02614,H1,2022-02-16,148,481,0
B02615,H4,2023-09-28,425,464,0
B02616,H2,2023-11-29,355,191,0
B02617,H2,2023-10-31,390,483,0
B02618,H2,2022-07-23,479,415,1
B02619,H2,2024-11-12,480,121,1
B02620,H4,2023-02-25,158,440,0
B02621,H4,2022-03-20,367,493,0
B02622,H3,2023-05-22,486,449,0
B02623,H1,2023-09-01,252,462,1
B02624,H3,2022-05-05,212,184,0
B02625,H1,2024-10-20,183,285,1
B02626,H3,2022-06-29,219,60,0
B02627,H3,2023-07-29,239,407,0
B02628,H2,2024-01-29,145,489,0
B02629,H2,2023-04-14,499,95,0
B02630,H4,2024-07-11,474,467,1
B02631,H2,2024-08-26,258,395,0
B02632,H3,2022-06-21,236,312,0
B02633,H3,2023-08-06,403,167,1
B02634,H2,2024-10-10,169,478,1
B02635,H3,2022-04-11,232,84,1
B02636,H2,2023-04-19,475,422,1
B02637,H4,2024-03-02,354,197,1
B02638,H3,2022-05-10,209,265,1
B02639,H1,2023-09-01,195,126,0
B02640,H4,2024-01-31,402,438,1
B02641,H4,2022-01-19,316,276,0
B02642,H4,2023-09-10,403,500,0
B02643,H2,2022-07-17,370,330,1
B02644,H2,2022-01-27,261,173,1
B02645,H3,2024-08-11,258,110,1
B02646,H2,2023-09-09,466,448,0
B02647,H3,2022-07-14,483,235,1
B02648,H3,2022-01-06,189,161,0
B02649,H4,2023-08-25,492,277,0
B02650,H2,2022-12-21,188,234,0
B02651,H3,2024-06-24,384,333,0
B02652,H3,2024-07-31,270,237,1
B02653,H1,2022-04-22,324,498,0
B02654,H1,2023-09-13,222,450,0
B02655,H1,2023-08-14,475,216,1
B02656,H2,2022-05-20,261,104,0
B02657,H4,2022-11-21,254,256,0
B02658,H2,2024-12-28,373,450,0
B02659,H4,2022-09-14,406,426,1
B02660,H1,2022-06-08,233,81,0
B02661,H2,2024-01-08,218,500,1
B02662,H2,2022-11-18,418,446,1
B02663,H2,2022-10-19,175,85,0
B02664,H2,2024-08-07,333,351,1
B02665,H3,2023-03-23,311,204,0
B02666,H4,2022-05-27,375,83,1
B02667,H2,2022-01-08,272,395,1
B02668,H2,2022-05-23,330,129,1
B02669,H1,2024-03-20,182,497,1
B02670,H1,2022-11-02,436,106,0
B02671,H4,2023-09-01,381,258,1
B02672,H4,2022-09-08,433,76,0
B02673,H2,2023-07-08,146,478,0
B02674,H2,2024-08-01,133,363,1
B02675,H1,2022-10-28,246,186,1
B02676,H3,2024-10-07,100,130,1
B02677,H3,2023-10-19,262,163,1
B02678,H1,2023-06-08,104,76,1
B02679,H2,2024-07-31,192,252,1
B02680,H4,2024-10-01,130,132,0
B02681,H4,2024-01-29,364,354,0
B02682,H4,2024-08-18,477,326,0
B02683,H2,2022-10-14,471,360,0
B02684,H3,2022-09-07,500,55,0
B02685,H1,2023-11-02,466,248,0
B02686,H4,2022-04-18,159,216,0
B02687,H2,2022-05-15,101,100,1
B02688,H4,2022-05-05,447,399,0
B02689,H2,2022-08-09,489,203,0
B02690,H3,2023-01-19,116,300,1
B02691,H3,2022-06-06,350,424,1
B02692,H2,2023-08-01,207,342,1
B02693,H3,2022-03-20,441,79,1
B02694,H4,2023-02-24,140,306,1
B02695,H1,2023-07-08,484,296,1
B02696,H3,2022-04-30,440,464,1
B02697,H3,2022-07-22,195,186,1
B02698,H3,2022-03-03,428,382,0
B02699,H2,2023-06-04,368,136,0
B02700,H1,2022-11-15,141,110,1
B02701,H1,2023-08-05,444,493,1
B02702,H3,2024-01-15,223,102,1
B02703,H1,2023-04-16,370,102,0
B02704,H3,2022-02-22,320,147,0
B02705,H2,2023-08-05,284,255,1
B02706,H4,2024-12-14,240,219,0
B02707,H2,2023-06-05,103,498,1
B02708,H4,2023-03-19,277,224,1
B02709,H2,2022-03-10,115,400,1
B02710,H3,2023-09-04,379,140,1
B02711,H2,2022-01-18,428,469,1
B02712,H3,2022-12-16,332,177,0
B02713,H2,2024-08-07,314,170,0
B02714,H2,2022-07-26,403,355,1
B02715,H4,2023-02-05,242,448,0
B02716,H1,2024-10-09,423,459,0
B02717,H3,2023-10-09,196,203,0
B02718,H2,2024-09-19,199,405,1
B02719,H3,2023-09-05,248,371,1
B02720,H1,2024-09-22,303,464,0
B02721,H2,2024-05-14,167,81,1
B02722,H3,2022-06-24,306,225,0
B02723,H1,2022-06-06,148,423,1
B02724,H4,2023-03-14,107,257,1
B02725,H4,2023-05-15,492,374,1
B02726,H3,2022-10-05,300,188,0
B02727,H2,2022-03-10,162,374,1
B02728,H3,2022-03-19,124,338,1
B02729,H3,2023-07-09,304,73,0
B02730,H2,2024-06-09,266,497,1
B02731,H3,2022-01-17,118,456,0
B02732,H2,2022-07-15,255,79,1
B02733,H4,2022-03-17,348,436,1
B02734,H2,2023-04-14,407,490,0
B02735,H2,2022-12-25,160,354,0
B02736,H4,2023-09-26,105,282,1
B02737,H2,2024-11-29,163,358,0
B02738,H4,2023-09-05,358,122,1
B02739,H2,2024-02-20,315,157,0
B02740,H3,2024-01-13,289,360,1
B02741,H3,2023-06-11,226,437,0
B02742,H4,2022-12-23,207,498,1
B02743,H1,2024-07-10,161,391,1
B02744,H3,2022-09-30,371,230,1
B02745,H1,2022-10-05,460,454,0
B02746,H1,2023-06-16,390,483,0
B02747,H2,2024-07-01,316,459,0
B02748,H4,2024-11-23,353,366,0
B02749,H2,2024-03-29,410,255,1
B02750,H2,2023-04-22,198,177,1
B02751,H4,2022-10-03,146,96,0
B02752,H3,2023-03-10,432,371,1
B02753,H2,2022-01-22,476,179,0
B02754,H4,2024-07-08,404,322,1
B02755,H1,2024-08-28,320,287,0
B02756,H1,2024-06-22,359,172,0
B02757,H1,2024-09-29,118,442,1
B02758,H4,2024-08-08,277,490,1
B02759,H1,2022-03-31,350,137,0
B02760,H4,2024-08-18,269,336,1
B02761,H4,2022-03-12,188,252,1
B02762,H3,2022-05-08,255,207,1
B02763,H3,2022-10-19,170,356,0
B02764,H1,2022-04-30,499,222,0
B02765,H4,2023-05-04,164,491,0
B02766,H3,2023-04-19,341,93,0
B02767,H1,2023-09-12,186,244,1
B02768,H4,2023-12-07,397,319,1
B02769,H1,2024-11-16,430,406,0
B02770,H3,2024-06-21,288,74,1
B02771,H1,2023-07-22,453,271,0
B02772,H2,2024-02-22,266,130,0
B02773,H3,2022-03-25,475,248,0
B02774,H4,2023-04-03,147,307,0
B02775,H2,2023-01-28,327,84,1
B02776,H4,2023-10-18,288,270,1
B02777,H1,2024-11-09,278,65,0
B02778,H1,2022-04-01,340,341,0
B02779,H1,2024-09-14,481,160,0
B02780,H2,2024-10-02,361,249,1
B02781,H3,2023-08-04,385,227,0
B02782,H2,2024-07-24,472,485,0
B02783,H4,2022-07-06,315,122,1
B02784,H4,2024-05-14,357,318,1
B02785,H3,2022-04-22,346,180,1
B02786,H1,2022-10-27,371,229,1
B02787,H2,2023-01-15,377,97,1
B02788,H3,2023-05-24,289,348,0
B02789,H2,2022-07-20,467,361,1
B02790,H2,2022-02-12,199,303,0
B02791,H1,2023-08-28,168,255,1
B02792,H2,2022-12-30,257,348,1
B02793,H3,2024-08-17,222,206,1
B02794,H3,2024-01-05,158,105,1
B02795,H3,2024-08-01,269,165,0
B02796,H2,2024-09-11,330,216,1
B02797,H4,2023-05-11,336,114,1
B02798,H4,2022-08-21,174,313,1
B02799,H4,2023-09-10,149,358,1
B02800,H1,2023-07-19,307,472,0
B02801,H1,2022-10-09,117,337,0
B02802,H4,2024-03-13,181,133,1
B02803,H3,2024-09-10,360,389,0
B02804,H2,2022-07-13,414,468,0
B02805,H1,2024-08-17,151,110,0
B02806,H3,2022-02-27,267,500,1
B02807,H3,2022-06-15,277,477,1
B02808,H2,2024-03-30,169,125,0
B02809,H3,2022-02-12,297,181,0
B02810,H4,2024-08-25,311,412,1
B02811,H2,2023-05-18,263,339,1
B02812,H2,2023-08-18,279,194,1
B02813,H1,2022-10-31,201,94,1
B02814,H3,2023-01-05,470,99,0
B02815,H4,2023-03-27,397,267,1
B02816,H3,2023-03-09,114,160,1
B02817,H1,2022-04-01,371,141,0
B02818,H3,2023-11-24,282,169,1
B02819,H1,2024-09-02,186,245,0
B02820,H4,2024-10-08,478,208,0
B02821,H2,2024-06-20,187,426,0
B02822,H2,2024-08-01,386,256,0
B02823,H2,2024-05-17,116,87,1
B02824,H2,2023-05-04,400,368,0
B02825,H1,2022-07-27,479,139,1
B02826,H2,2024-09-03,266,162,1
B02827,H3,2023-06-02,252,133,1
B02828,H4,2023-01-29,275,307,0
B02829,H2,2023-03-27,368,306,1
B02830,H3,2024-12-20,296,369,0
B02831,H3,2023-03-17,294,468,1
B02832,H4,2024-01-14,388,368,0
B02833,H3,2024-01-07,224,472,1
B02834,H4,2023-08-01,448,179,1
B02835,H4,2023-12-16,196,189,0
B02836,H1,2022-09-20,491,344,0
B02837,H2,2023-06-08,265,85,1
B02838,H2,2023-01-03,328,189,1
B02839,H2,2024-07-14,325,469,1
B02840,H2,2023-12-19,313,259,1
B02841,H3,2023-02-13,279,168,0
B02842,H4,2024-11-26,297,229,0
B02843,H3,2023-01-17,245,106,0
B02844,H2,2024-05-01,296,131,1
B02845,H4,2022-09-10,295,463,1
B02846,H1,2022-11-24,398,398,1
B02847,H4,2023-02-06,439,315,1
B02848,H4,2022-12-30,453,172,1
B02849,H2,2022-05-06,372,342,0
B02850,H3,2022-08-28,230,383,1
B02851,H1,2022-11-30,281,273,0
B02852,H3,2023-02-27,409,375,1
B02853,H3,2022-09-12,263,170,1
B02854,H4,2022-02-27,218,465,1
B02855,H4,2022-02-23,497,430,0
B02856,H3,2022-02-08,163,317,0
B02857,H3,2024-05-01,244,398,0
B02858,H2,2022-05-10,397,314,0
B02859,H2,2023-01-13,387,322,0
B02860,H3,2022-01-10,403,103,1
B02861,H4,2024-10-05,264,239,1
B02862,H3,2023-06-15,279,204,0
B02863,H4,2022-05-15,331,203,1
B02864,H4,2023-07-23,145,98,0
B02865,H2,2023-05-21,195,366,1
B02866,H1,2024-08-09,325,358,0
B02867,H3,2023-08-25,185,123,0
B02868,H2,2024-08-18,150,370,0
B02869,H3,2024-02-13,182,496,0
B02870,H4,2022-11-18,309,261,0
B02871,H3,2024-09-27,484,335,1
B02872,H3,2023-08-06,258,136,1
B02873,H2,2024-09-23,376,302,0
B02874,H3,2022-05-18,153,311,1
B02875,H2,2024-11-04,235,200,0
B02876,H2,2022-01-02,323,239,1
B02877,H4,2022-03-26,421,81,1
B02878,H1,2022-06-20,151,188,1
B02879,H4,2023-11-22,441,129,1
B02880,H1,2023-08-22,178,73,0
B02881,H2,2023-12-31,419,369,1
B02882,H4,2024-10-15,292,149,0
B02883,H2,2023-07-20,406,148,0
B02884,H3,2023-02-20,295,100,0
B02885,H4,2024-12-11,136,291,1
B02886,H3,2023-03-01,472,334,0
B02887,H2,2022-11-18,114,440,0
B02888,H4,2024-06-08,204,403,0
B02889,H4,2023-12-15,219,72,0
B02890,H2,2023-11-26,144,340,1
B02891,H4,2024-02-11,428,434,0
B02892,H3,2023-09-06,296,314,0
B02893,H3,2024-08-11,243,495,1
B02894,H1,2023-09-26,299,465,1
B02895,H2,2023-12-26,320,240,1
B02896,H3,2024-07-22,334,374,1
B02897,H3,2022-01-18,126,484,0
B02898,H1,2024-08-29,178,262,0
B02899,H3,2022-02-03,324,93,1
B02900,H1,2023-03-23,326,376,0
B02901,H2,2024-02-20,375,218,0
B02902,H2,2022-09-08,219,250,0
B02903,H2,2023-03-06,410,223,0
B02904,H3,2024-02-06,174,476,1
B02905,H2,2023-09-05,476,222,1
B02906,H4,2023-01-27,373,273,0
B02907,H3,2024-06-14,262,410,1
B02908,H2,2024-11-16,272,180,1
B02909,H4,2024-05-30,173,198,1
B02910,H4,2022-12-16,212,92,0
B02911,H3,2024-12-09,460,339,1
B02912,H3,2023-11-04,147,381,0
B02913,H3,2024-07-03,282,396,0
B02914,H3,2024-03-12,422,424,1
B02915,H2,2022-09-09,301,154,1
B02916,H2,2023-11-16,116,401,0
B02917,H2,2023-05-14,199,181,1
B02918,H1,2024-10-26,112,102,1
B02919,H4,2024-09-10,172,309,0
B02920,H3,2023-12-25,436,349,1
B02921,H3,2024-06-19,225,168,0
B02922,H1,2023-03-26,415,162,0
B02923,H3,2022-04-10,474,463,0
B02924,H1,2023-07-18,150,86,1
B02925,H1,2022-07-21,269,353,1
B02926,H1,2023-10-25,235,116,0
B02927,H4,2024-11-11,313,100,1
B02928,H3,2022-07-23,248,223,0
B02929,H3,2024-02-11,364,497,0
B02930,H1,2023-10-09,312,417,1
B02931,H1,2022-03-31,457,443,0
B02932,H4,2024-01-23,153,428,1
B02933,H4,2022-10-14,167,288,1
B02934,H4,2023-03-19,179,464,0
B02935,H4,2023-05-17,207,196,1
B02936,H1,2023-11-20,253,75,0
B02937,H4,2023-04-17,169,416,0
B02938,H3,2024-02-07,117,382,0
B02939,H3,2024-05-25,327,263,0
B02940,H3,2024-11-17,443,195,1
B02941,H4,2022-07-11,484,448,0
B02942,H2,2022-11-11,198,439,0
B02943,H2,2024-01-24,363,335,0
B02944,H1,2022-04-10,403,300,0
B02945,H4,2024-11-03,323,283,0
B02946,H3,2022-05-20,325,117,0
B02947,H3,2022-08-04,228,395,0
B02948,H3,2022-08-15,265,160,0
B02949,H3,2024-09-14,365,289,1
B02950,H2,2022-11-22,457,314,1
B02951,H1,2022-05-17,266,376,0
B02952,H4,2022-04-23,302,171,1
B02953,H2,2023-12-18,319,127,0
B02954,H3,2023-12-15,386,486,0
B02955,H1,2023-06-02,463,89,0
B02956,H1,2022-09-26,150,137,1
B02957,H4,2024-10-02,346,167,1
B02958,H3,2022-12-09,388,369,1
B02959,H2,2023-04-26,211,327,0
B02960,H3,2022-12-23,201,480,0
B02961,H4,2023-08-19,258,364,0
B02962,H4,2022-03-24,470,314,0
B02963,H3,2022-10-13,156,137,0
B02964,H4,2022-07-20,229,286,1
B02965,H1,2022-08-10,470,234,1
B02966,H2,2022-03-06,194,374,0
B02967,H3,2023-07-18,336,240,1
B02968,H4,2024-05-05,413,199,1
B02969,H3,2023-02-28,435,474,1
B02970,H1,2024-10-16,463,465,1
B02971,H1,2022-12-16,271,145,1
B02972,H4,2024-01-31,305,449,1
B02973,H4,2024-06-15,154,349,0
B02974,H4,2023-12-10,427,143,0
B02975,H2,2024-09-29,281,68,0
B02976,H4,2022-08-28,346,489,0
B02977,H2,2024-03-05,259,215,1
B02978,H2,2022-06-11,300,104,0
B02979,H1,2022-12-13,158,493,1
B02980,H2,2023-02-15,444,76,1
B02981,H4,2024-05-09,313,179,0
B02982,H1,2023-12-06,257,444,0
B02983,H2,2023-01-23,309,163,1
B02984,H1,2022-10-25,232,176,0
B02985,H3,2024-03-04,103,116,1
B02986,H2,2024-03-27,241,253,0
B02987,H3,2023-01-22,396,409,0
B02988,H3,2023-02-16,188,500,1
B02989,H1,2023-03-02,235,202,1
B02990,H2,2023-07-24,452,368,0
B02991,H3,2024-11-01,118,422,1
B02992,H2,2023-04-18,377,215,1
B02993,H3,2024-01-22,287,194,1
B02994,H1,2024-02-18,161,485,0
B02995,H1,2022-03-23,457,387,1
B02996,H3,2022-04-27,486,72,1
B02997,H4,2022-08-31,371,369,1
B02998,H4,2024-08-16,399,141,0
B02999,H3,2022-02-11,356,480,0
B03000,H2,2024-02-29,194,337,1
