StaffID,OrgID,Date,Role,FTE,OvertimeHours,SickDays
S00001,H4,2023-11-01,Physician,0.77,19,7
S00002,H3,2022-07-21,Cleaner,0.61,18,10
S00003,H1,2023-02-02,Physician,0.8,15,8
S00004,H1,2023-04-23,Cleaner,0.6,8,9
S00005,H2,2023-04-10,Clerk,0.52,3,0
S00006,H3,2022-01-11,Physician,0.65,1,10
S00007,H4,2024-08-21,Physician,0.8,7,10
S00008,H4,2022-01-21,Cleaner,0.97,4,0
S00009,H2,2022-09-04,Clerk,0.69,7,1
S00010,H3,2022-06-29,Cleaner,0.5,12,3
S00011,H3,2023-02-13,Nurse,0.75,3,10
S00012,H3,2024-08-12,Clerk,0.57,3,9
S00013,H3,2024-10-24,Clerk,0.67,20,2
S00014,H2,2023-01-20,Clerk,0.99,4,5
S00015,H1,2024-09-07,Physician,0.82,16,5
S00016,H1,2023-03-19,Nurse,0.9,19,2
S00017,H1,2023-03-29,Cleaner,0.84,3,6
S00018,H1,2024-12-04,Nurse,0.57,6,2
S00019,H2,2024-07-11,Physician,0.95,20,8
S00020,H1,2023-09-27,Cleaner,0.61,8,8
S00021,H4,2022-09-01,Physician,0.9,13,8
S00022,H3,2022-05-29,Clerk,0.56,13,10
S00023,H1,2023-09-25,Nurse,0.94,5,1
S00024,H3,2023-02-16,Physician,0.56,18,9
S00025,H1,2022-09-26,Cleaner,0.66,18,4
S00026,H3,2022-03-17,Clerk,0.91,2,3
S00027,H2,2023-12-04,Cleaner,0.84,5,2
S00028,H4,2022-09-08,Clerk,0.82,2,0
S00029,H3,2024-03-21,Nurse,0.52,20,0
S00030,H2,2024-04-06,Clerk,0.87,6,6
S00031,H3,2024-05-25,Physician,0.78,19,3
S00032,H4,2024-11-18,Cleaner,0.5,18,2
S00033,H3,2022-12-25,Physician,0.87,16,9
S00034,H1,2022-07-27,Nurse,0.53,6,10
S00035,H1,2023-11-11,Clerk,0.95,6,7
S00036,H3,2022-10-27,Physician,0.64,2,6
S00037,H2,2023-04-04,Nurse,0.9,8,10
S00038,H4,2022-06-19,Physician,0.66,1,3
S00039,H4,2024-05-13,Cleaner,0.88,7,7
S00040,H1,2023-03-07,Nurse,0.77,12,7
S00041,H4,2024-01-03,Clerk,0.63,3,7
S00042,H3,2023-12-29,Cleaner,0.97,11,7
S00043,H3,2022-01-12,Physician,0.96,8,3
S00044,H4,2022-06-20,Clerk,0.97,14,8
S00045,H1,2023-01-12,Nurse,0.73,5,6
S00046,H2,2024-09-17,Clerk,0.91,10,4
S00047,H2,2022-11-25,Clerk,0.97,16,7
S00048,H3,2023-08-06,Physician,0.66,16,7
S00049,H1,2024-05-02,Physician,0.79,11,2
S00050,H2,2024-09-19,Physician,0.77,19,6
S00051,H2,2022-12-05,Cleaner,0.88,18,5
S00052,H4,2022-12-19,Clerk,0.8,5,0
S00053,H1,2022-11-10,Clerk,0.9,5,9
S00054,H3,2024-09-28,Clerk,0.55,16,3
S00055,H3,2023-08-09,Nurse,0.61,15,10
S00056,H2,2024-11-14,Clerk,0.97,9,4
S00057,H1,2024-01-31,Nurse,0.79,16,2
S00058,H2,2023-08-27,Cleaner,0.72,6,9
S00059,H4,2024-11-05,Nurse,0.72,1,9
S00060,H2,2022-09-21,Physician,0.76,12,0
S00061,H2,2022-06-22,Cleaner,0.77,14,2
S00062,H2,2024-04-06,Clerk,0.79,19,3
S00063,H1,2022-04-14,Nurse,0.9,8,9
S00064,H1,2022-06-24,Physician,0.82,11,5
S00065,H4,2023-11-05,Physician,0.86,1,9
S00066,H2,2023-08-26,Physician,0.7,4,4
S00067,H1,2022-08-22,Nurse,0.58,17,10
S00068,H1,2023-01-24,Clerk,0.95,6,8
S00069,H2,2024-01-24,Cleaner,0.55,10,4
S00070,H3,2022-12-01,Cleaner,0.53,9,4
S00071,H4,2022-07-02,Nurse,0.67,0,4
S00072,H2,2022-11-29,Clerk,0.64,15,7
S00073,H2,2023-03-03,Cleaner,0.65,14,7
S00074,H1,2022-01-06,Physician,0.94,2,10
S00075,H2,2022-04-04,Physician,0.87,10,0
S00076,H4,2022-05-20,Nurse,0.76,0,4
S00077,H4,2022-06-20,Nurse,0.82,10,3
S00078,H3,2023-03-28,Physician,0.84,12,8
S00079,H3,2024-03-28,Physician,0.84,11,7
S00080,H1,2022-04-19,Clerk,0.87,12,0
S00081,H2,2022-06-25,Cleaner,0.93,11,3
S00082,H2,2022-03-26,Physician,0.52,14,9
S00083,H3,2023-10-15,Nurse,0.62,13,2
S00084,H3,2024-03-28,Cleaner,0.97,16,0
S00085,H2,2023-12-02,Clerk,0.61,19,8
S00086,H2,2022-10-24,Physician,0.94,2,8
S00087,H3,2022-10-23,Physician,0.9,2,2
S00088,H2,2024-05-05,Cleaner,0.78,20,10
S00089,H1,2022-02-04,Nurse,0.96,12,9
S00090,H3,2022-06-28,Clerk,0.72,17,10
S00091,H2,2024-08-23,Physician,0.72,17,6
S00092,H3,2024-08-24,Cleaner,0.77,7,1
S00093,H2,2023-11-13,Clerk,0.95,17,3
S00094,H2,2023-03-21,Nurse,0.94,2,8
S00095,H3,2024-01-14,Clerk,0.68,2,2
S00096,H2,2023-10-13,Physician,0.71,16,1
S00097,H4,2024-10-06,Physician,0.82,12,0
S00098,H1,2023-02-04,Clerk,0.87,2,3
S00099,H1,2022-12-24,Clerk,0.96,2,5
S00100,H2,2022-12-20,Physician,0.67,10,6
S00101,H2,2023-03-20,Cleaner,0.78,8,9
S00102,H3,2022-10-16,Clerk,0.54,1,2
S00103,H3,2024-12-26,Physician,0.76,7,7
S00104,H1,2022-09-07,Clerk,0.79,18,6
S00105,H1,2024-01-17,Cleaner,0.53,5,4
S00106,H4,2024-09-17,Clerk,0.89,7,5
S00107,H4,2024-09-18,Nurse,0.72,9,5
S00108,H1,2023-03-11,Cleaner,0.83,19,2
S00109,H3,2023-05-11,Nurse,0.65,18,9
S00110,H4,2023-07-03,Nurse,0.78,10,1
S00111,H4,2022-01-01,Nurse,0.66,3,3
S00112,H4,2024-02-04,Cleaner,0.56,12,4
S00113,H4,2024-09-11,Cleaner,0.99,12,8
S00114,H1,2022-10-27,Physician,0.63,6,2
S00115,H2,2023-04-04,Physician,0.97,16,9
S00116,H2,2022-01-10,Cleaner,0.7,17,8
S00117,H2,2022-03-08,Clerk,0.87,8,2
S00118,H3,2022-05-27,Cleaner,0.59,11,0
S00119,H1,2023-11-09,Cleaner,0.87,16,4
S00120,H1,2023-06-24,Clerk,0.51,20,0
S00121,H2,2022-11-21,Physician,0.6,2,5
S00122,H2,2024-05-25,Cleaner,0.65,13,6
S00123,H2,2022-08-18,Clerk,0.82,18,1
S00124,H4,2023-10-13,Cleaner,1.0,2,0
S00125,H1,2023-04-24,Clerk,0.58,14,0
S00126,H1,2022-09-23,Nurse,0.74,18,10
S00127,H3,2024-05-02,Nurse,0.83,3,0
S00128,H3,2023-11-29,Physician,0.95,2,3
S00129,H4,2024-05-29,Nurse,0.52,6,5
S00130,H3,2024-07-12,Cleaner,0.7,6,1
S00131,H3,2024-07-03,Clerk,0.77,5,2
S00132,H3,2023-04-30,Physician,0.6,19,10
S00133,H3,2023-10-04,Clerk,0.62,2,7
S00134,H4,2022-07-18,Cleaner,0.51,9,1
S00135,H4,2022-04-30,Physician,0.96,14,10
S00136,H2,2023-05-09,Physician,0.72,10,1
S00137,H1,2024-05-20,Clerk,0.73,7,3
S00138,H4,2022-04-12,Clerk,0.99,15,5
S00139,H1,2024-10-16,Physician,0.66,5,10
S00140,H1,2024-07-02,Clerk,0.9,6,0
S00141,H1,2023-09-20,Clerk,0.69,6,10
S00142,H3,2023-01-05,Nurse,0.95,18,5
S00143,H1,2022-10-27,Physician,0.88,1,2
S00144,H1,2023-08-10,Cleaner,0.58,17,1
S00145,H2,2023-09-07,Physician,0.98,15,4
S00146,H2,2022-10-07,Physician,0.64,11,6
S00147,H3,2023-05-05,Nurse,0.52,9,2
S00148,H3,2024-10-23,Physician,0.73,12,0
S00149,H4,2023-09-29,Cleaner,0.69,13,2
S00150,H4,2022-01-14,Clerk,0.58,11,8
S00151,H2,2024-08-21,Clerk,0.85,15,1
S00152,H1,2022-08-19,Physician,0.52,0,6
S00153,H2,2023-06-12,Nurse,0.57,6,8
S00154,H2,2024-08-15,Physician,0.67,15,2
S00155,H4,2022-09-03,Cleaner,0.63,12,10
S00156,H4,2024-02-23,Nurse,0.93,12,3
S00157,H4,2022-04-23,Physician,0.54,15,9
S00158,H3,2024-12-17,Cleaner,0.91,7,4
S00159,H3,2023-05-10,Cleaner,0.7,14,8
S00160,H4,2022-02-04,Physician,0.91,12,7
S00161,H1,2022-11-22,Nurse,0.93,1,2
S00162,H4,2024-06-18,Physician,0.97,2,3
S00163,H3,2023-06-14,Cleaner,0.99,14,9
S00164,H2,2022-05-04,Clerk,0.7,13,4
S00165,H1,2023-05-27,Cleaner,0.78,17,9
S00166,H3,2023-11-26,Cleaner,0.64,11,7
S00167,H3,2024-02-16,Physician,0.62,15,9
S00168,H3,2022-12-29,Nurse,0.8,20,0
S00169,H1,2024-07-29,Nurse,0.78,17,5
S00170,H2,2023-05-03,Cleaner,0.7,17,5
S00171,H3,2024-03-12,Cleaner,0.52,17,5
S00172,H2,2022-03-08,Cleaner,0.77,17,1
S00173,H4,2022-08-08,Nurse,0.74,19,2
S00174,H3,2024-10-05,Clerk,0.7,13,4
S00175,H3,2023-05-20,Cleaner,0.97,14,9
S00176,H3,2022-12-03,Physician,0.85,9,5
S00177,H2,2024-08-17,Cleaner,0.76,8,8
S00178,H3,2024-03-16,Cleaner,0.73,19,5
S00179,H3,2023-07-20,Cleaner,0.78,18,6
S00180,H1,2023-06-23,Nurse,0.54,0,10
S00181,H3,2024-08-31,Physician,0.51,8,8
S00182,H4,2024-01-22,Physician,0.72,8,10
S00183,H1,2023-02-20,Clerk,0.67,5,7
S00184,H1,2023-10-06,Clerk,0.57,3,1
S00185,H2,2023-05-31,Physician,0.89,5,5
S00186,H3,2022-07-26,Physician,0.94,2,8
S00187,H4,2023-03-31,Clerk,0.97,1,3
S00188,H4,2024-12-15,Clerk,0.61,15,1
S00189,H4,2023-01-02,Clerk,0.64,0,0
S00190,H4,2023-07-15,Physician,0.6,1,2
S00191,H1,2023-03-02,Clerk,0.79,13,3
S00192,H4,2023-05-19,Cleaner,0.6,11,7
S00193,H3,2024-11-26,Nurse,0.51,2,4
S00194,H2,2022-01-20,Clerk,0.91,15,8
S00195,H2,2023-11-19,Cleaner,0.76,6,4
S00196,H2,2022-03-09,Clerk,0.68,3,4
S00197,H3,2024-12-28,Physician,0.56,11,10
S00198,H3,2022-07-14,Cleaner,0.59,0,7
S00199,H3,2023-05-09,Nurse,0.75,2,5
S00200,H4,2022-11-22,Cleaner,0.7,5,10
S00201,H4,2023-05-27,Nurse,0.63,0,1
S00202,H3,2022-07-31,Nurse,0.94,18,6
S00203,H3,2024-05-14,Nurse,0.87,12,0
S00204,H2,2024-05-16,Clerk,0.7,3,2
S00205,H1,2024-06-25,Clerk,0.54,15,7
S00206,H1,2024-02-01,Clerk,0.67,11,6
S00207,H1,2022-09-22,Cleaner,1.0,18,3
S00208,H4,2023-11-04,Physician,0.74,3,6
S00209,H4,2024-09-30,Clerk,0.62,2,0
S00210,H3,2023-09-19,Cleaner,0.69,2,0
S00211,H3,2023-04-11,Clerk,0.89,4,2
S00212,H2,2022-06-09,Cleaner,0.99,9,8
S00213,H4,2023-09-13,Clerk,0.68,18,3
S00214,H2,2023-12-27,Cleaner,0.97,20,5
S00215,H4,2022-05-13,Clerk,0.93,8,8
S00216,H3,2024-10-31,Physician,0.97,15,1
S00217,H4,2023-01-08,Cleaner,0.92,1,1
S00218,H3,2023-02-21,Clerk,0.76,16,2
S00219,H4,2022-08-18,Physician,0.5,1,8
S00220,H1,2024-09-24,Physician,0.76,7,4
S00221,H1,2024-02-11,Physician,0.95,6,3
S00222,H4,2023-08-25,Physician,0.95,14,9
S00223,H4,2024-08-05,Clerk,0.58,7,3
S00224,H2,2022-08-04,Clerk,0.93,7,3
S00225,H3,2023-02-06,Clerk,0.99,20,5
S00226,H3,2024-10-12,Physician,0.95,14,6
S00227,H1,2023-06-28,Physician,0.99,12,3
S00228,H3,2023-12-15,Clerk,0.62,15,9
S00229,H3,2022-12-07,Cleaner,0.53,10,7
S00230,H4,2022-08-30,Physician,0.99,8,6
S00231,H1,2023-03-01,Cleaner,0.98,7,10
S00232,H4,2022-05-29,Clerk,0.54,0,8
S00233,H4,2024-11-09,Clerk,0.63,7,0
S00234,H2,2022-04-11,Cleaner,0.65,20,7
S00235,H4,2022-11-23,Physician,0.95,12,9
S00236,H1,2024-12-25,Cleaner,1.0,18,5
S00237,H2,2023-06-22,Physician,0.92,15,5
S00238,H2,2024-11-19,Nurse,0.84,19,10
S00239,H1,2022-11-10,Nurse,0.69,7,2
S00240,H3,2024-12-22,Clerk,0.61,11,0
S00241,H1,2024-08-29,Physician,0.7,15,1
S00242,H1,2024-11-23,Cleaner,0.79,14,9
S00243,H1,2024-03-19,Cleaner,0.86,9,9
S00244,H1,2022-10-19,Nurse,0.85,10,0
S00245,H1,2023-02-14,Physician,0.95,10,0
S00246,H2,2024-09-23,Clerk,0.62,0,0
S00247,H4,2024-12-15,Clerk,0.85,18,6
S00248,H1,2023-11-29,Physician,0.62,14,9
S00249,H2,2023-08-17,Nurse,0.76,18,0
S00250,H1,2022-12-02,Cleaner,0.9,4,0
S00251,H3,2022-12-16,Physician,0.55,3,2
S00252,H1,2022-04-14,Nurse,0.66,17,3
S00253,H1,2024-09-03,Nurse,0.98,20,1
S00254,H3,2023-09-01,Cleaner,0.87,7,10
S00255,H4,2024-11-30,Nurse,0.98,19,0
S00256,H4,2022-02-23,Physician,0.61,3,6
S00257,H1,2023-05-02,Clerk,0.57,5,6
S00258,H1,2022-12-04,Cleaner,0.8,15,6
S00259,H4,2023-03-31,Clerk,0.68,3,8
S00260,H4,2022-05-11,Nurse,0.97,3,1
S00261,H3,2022-11-26,Nurse,0.58,5,0
S00262,H3,2023-08-13,Clerk,0.64,17,8
S00263,H4,2024-11-06,Clerk,0.91,5,10
S00264,H1,2022-12-24,Cleaner,0.73,14,4
S00265,H3,2024-04-23,Physician,0.55,16,1
S00266,H4,2024-02-27,Nurse,0.75,5,3
S00267,H2,2022-09-07,Cleaner,0.73,14,1
S00268,H2,2022-10-27,Clerk,0.56,9,3
S00269,H4,2023-12-26,Physician,0.67,4,7
S00270,H1,2024-08-29,Cleaner,0.66,1,7
S00271,H2,2023-10-06,Physician,0.97,15,4
S00272,H3,2022-01-24,Clerk,0.64,4,7
S00273,H4,2024-04-02,Cleaner,0.79,10,7
S00274,H2,2023-07-19,Nurse,0.77,2,9
S00275,H4,2022-04-27,Physician,0.93,14,8
S00276,H4,2023-10-22,Nurse,0.99,17,7
S00277,H4,2024-02-11,Clerk,0.64,9,9
S00278,H2,2024-03-12,Physician,0.95,7,5
S00279,H3,2022-03-06,Cleaner,0.9,9,3
S00280,H4,2024-05-23,Clerk,0.65,15,2
S00281,H1,2022-11-10,Clerk,0.54,19,2
S00282,H4,2024-06-28,Physician,0.81,8,5
S00283,H3,2024-04-30,Cleaner,0.63,12,5
S00284,H1,2024-05-19,Nurse,0.62,0,3
S00285,H2,2022-03-27,Clerk,0.91,10,3
S00286,H2,2023-04-19,Nurse,0.65,16,5
S00287,H1,2023-03-27,Nurse,0.72,9,9
S00288,H3,2022-07-21,Physician,0.59,3,4
S00289,H2,2023-05-13,Nurse,0.52,9,6
S00290,H1,2022-02-10,Cleaner,0.7,4,3
S00291,H4,2023-05-18,Clerk,0.78,0,5
S00292,H3,2024-03-23,Clerk,0.85,9,10
S00293,H2,2023-06-07,Nurse,0.51,19,2
S00294,H4,2024-10-16,Nurse,0.81,1,3
S00295,H4,2024-08-31,Clerk,0.93,2,0
S00296,H4,2023-04-09,Nurse,0.85,4,9
S00297,H2,2022-07-05,Physician,0.84,17,4
S00298,H4,2024-08-20,Physician,0.56,18,3
S00299,H4,2024-01-06,Physician,0.83,19,6
S00300,H4,2022-12-25,Clerk,0.76,10,6
S00301,H1,2023-07-29,Nurse,0.62,10,2
S00302,H2,2022-03-28,Nurse,0.91,18,3
S00303,H4,2023-05-07,Physician,0.92,12,9
S00304,H3,2024-05-09,Physician,0.87,14,0
S00305,H2,2024-03-05,Nurse,0.75,17,2
S00306,H4,2023-04-21,Clerk,0.57,9,5
S00307,H4,2022-05-12,Clerk,1.0,8,6
S00308,H4,2023-02-22,Nurse,0.51,9,7
S00309,H3,2024-09-19,Clerk,0.64,13,7
S00310,H3,2023-10-26,Nurse,0.68,17,9
S00311,H4,2023-10-04,Cleaner,0.79,2,5
S00312,H4,2024-12-01,Cleaner,0.72,13,2
S00313,H4,2023-02-19,Clerk,0.75,5,6
S00314,H4,2024-01-29,Cleaner,0.93,20,9
S00315,H2,2023-10-20,Clerk,0.9,12,9
S00316,H4,2024-04-28,Nurse,1.0,4,5
S00317,H2,2024-12-15,Physician,0.61,13,3
S00318,H1,2022-08-30,Cleaner,0.55,17,6
S00319,H1,2022-09-18,Clerk,0.63,13,5
S00320,H3,2023-07-09,Physician,0.95,2,3
S00321,H1,2024-04-25,Physician,0.74,11,3
S00322,H4,2023-04-14,Clerk,0.76,12,10
S00323,H4,2023-10-24,Cleaner,0.84,17,9
S00324,H2,2023-06-25,Physician,0.79,10,3
S00325,H2,2022-08-21,Clerk,0.61,12,0
S00326,H3,2022-08-08,Nurse,0.53,11,6
S00327,H3,2024-10-05,Physician,0.53,10,8
S00328,H1,2023-11-18,Clerk,0.92,3,4
S00329,H3,2023-09-29,Clerk,0.53,8,7
S00330,H2,2024-04-08,Cleaner,0.62,9,0
S00331,H2,2024-08-29,Physician,0.69,4,9
S00332,H1,2023-04-11,Physician,0.72,7,0
S00333,H4,2024-04-02,Clerk,0.59,12,10
S00334,H1,2024-09-04,Physician,0.85,17,4
S00335,H1,2022-02-12,Physician,0.92,5,7
S00336,H2,2023-02-24,Clerk,0.64,18,2
S00337,H3,2022-06-06,Clerk,0.94,19,6
S00338,H3,2024-07-15,Nurse,0.97,5,10
S00339,H4,2024-07-09,Nurse,0.87,6,6
S00340,H4,2022-11-02,Physician,0.9,4,3
S00341,H2,2024-04-27,Nurse,0.97,18,2
S00342,H1,2023-06-07,Cleaner,0.5,17,4
S00343,H2,2022-05-16,Clerk,0.86,1,1
S00344,H2,2022-12-26,Cleaner,0.54,20,4
S00345,H2,2023-01-30,Nurse,0.81,16,4
S00346,H3,2024-02-09,Nurse,0.54,0,1
S00347,H4,2024-08-23,Cleaner,0.74,11,5
S00348,H2,2022-02-16,Clerk,0.81,1,9
S00349,H4,2022-09-02,Clerk,0.97,3,4
S00350,H3,2023-01-29,Nurse,0.54,9,5
S00351,H4,2023-06-30,Physician,0.89,18,3
S00352,H2,2024-03-08,Physician,0.82,7,2
S00353,H4,2022-01-02,Nurse,0.54,19,5
S00354,H4,2022-11-13,Physician,0.7,5,5
S00355,H3,2024-07-04,Clerk,0.55,4,2
S00356,H3,2022-01-23,Physician,0.76,1,6
S00357,H4,2023-10-12,Nurse,0.56,7,5
S00358,H2,2023-10-22,Clerk,0.89,19,4
S00359,H2,2024-03-23,Physician,0.95,14,1
S00360,H4,2022-01-08,Clerk,0.69,13,2
S00361,H2,2024-04-24,Physician,0.8,2,8
S00362,H2,2022-07-07,Clerk,0.77,17,1
S00363,H3,2024-06-12,Nurse,0.68,11,4
S00364,H2,2023-10-11,Nurse,0.64,18,0
S00365,H2,2024-09-07,Nurse,0.98,14,1
S00366,H3,2023-08-06,Physician,0.62,0,7
S00367,H4,2023-05-14,Physician,0.53,8,2
S00368,H2,2023-12-12,Clerk,0.91,16,5
S00369,H4,2024-01-18,Physician,0.55,15,1
S00370,H1,2024-08-24,Nurse,0.88,17,2
S00371,H2,2024-09-16,Clerk,0.53,19,6
S00372,H3,2024-07-09,Physician,0.92,0,0
S00373,H4,2023-10-27,Clerk,0.8,15,7
S00374,H4,2022-08-18,Cleaner,0.72,8,3
S00375,H2,2023-08-06,Cleaner,0.65,0,0
S00376,H4,2022-11-06,Physician,0.52,17,0
S00377,H2,2023-11-02,Clerk,0.91,1,2
S00378,H4,2024-08-18,Clerk,0.67,18,2
S00379,H4,2024-06-02,Clerk,0.65,1,6
S00380,H3,2022-06-17,Cleaner,0.52,17,6
S00381,H3,2022-03-19,Clerk,0.67,3,8
S00382,H2,2022-07-27,Cleaner,0.57,5,7
S00383,H2,2024-09-09,Cleaner,0.91,10,5
S00384,H3,2024-07-28,Nurse,0.65,14,3
S00385,H2,2023-08-01,Physician,0.85,2,9
S00386,H2,2022-02-28,Nurse,0.51,1,7
S00387,H2,2024-07-22,Clerk,0.88,14,5
S00388,H2,2022-04-30,Physician,0.76,1,10
S00389,H4,2022-01-13,Clerk,0.82,16,5
S00390,H2,2022-01-14,Physician,0.91,4,6
S00391,H2,2022-10-29,Cleaner,0.92,1,4
S00392,H2,2022-02-27,Clerk,0.96,16,5
S00393,H2,2023-04-06,Nurse,0.77,17,1
S00394,H3,2022-12-13,Nurse,0.88,10,1
S00395,H4,2024-12-24,Nurse,0.94,12,0
S00396,H3,2023-11-28,Nurse,0.6,15,6
S00397,H3,2024-11-28,Cleaner,0.81,4,10
S00398,H4,2022-03-19,Clerk,0.98,19,8
S00399,H2,2024-06-01,Physician,0.67,15,6
S00400,H3,2022-03-01,Cleaner,0.99,12,1
S00401,H1,2023-06-09,Clerk,0.86,10,3
S00402,H2,2024-09-14,Cleaner,0.59,9,8
S00403,H4,2022-06-30,Nurse,0.71,3,0
S00404,H1,2023-01-06,Cleaner,0.68,12,6
S00405,H1,2022-05-07,Clerk,0.67,2,3
S00406,H1,2022-07-05,Physician,0.96,17,7
S00407,H3,2023-09-15,Cleaner,0.69,14,1
S00408,H3,2023-06-03,Physician,0.84,13,1
S00409,H3,2024-07-18,Nurse,0.71,14,6
S00410,H1,2023-10-14,Clerk,0.66,14,6
S00411,H2,2023-08-03,Physician,0.98,1,2
S00412,H1,2022-01-11,Physician,0.61,4,6
S00413,H2,2023-08-28,Cleaner,0.74,3,8
S00414,H4,2022-05-02,Cleaner,0.84,16,10
S00415,H1,2022-06-30,Clerk,0.82,8,10
S00416,H2,2022-06-03,Cleaner,0.71,13,10
S00417,H1,2022-03-02,Physician,0.56,5,5
S00418,H3,2024-07-11,Nurse,0.95,9,3
S00419,H3,2024-04-10,Nurse,0.96,11,0
S00420,H2,2023-02-13,Cleaner,0.53,0,3
S00421,H1,2023-04-20,Cleaner,0.51,17,6
S00422,H1,2024-06-05,Physician,0.68,2,5
S00423,H1,2023-09-12,Clerk,0.96,6,10
S00424,H3,2024-11-28,Clerk,0.55,17,10
S00425,H3,2022-12-18,Cleaner,0.97,7,8
S00426,H3,2023-04-02,Cleaner,0.92,16,4
S00427,H2,2023-10-06,Physician,0.59,14,8
S00428,H2,2022-02-25,Cleaner,0.63,17,1
S00429,H2,2024-04-21,Clerk,0.96,11,3
S00430,H2,2023-09-22,Physician,0.64,20,9
S00431,H3,2022-05-22,Physician,0.53,10,8
S00432,H1,2022-12-29,Physician,0.58,14,1
S00433,H4,2022-07-22,Physician,0.69,8,4
S00434,H3,2022-12-01,Nurse,0.69,12,9
S00435,H1,2024-05-06,Cleaner,0.61,16,8
S00436,H3,2024-04-14,Physician,0.83,14,2
S00437,H1,2024-05-09,Physician,0.8,9,3
S00438,H4,2023-05-22,Cleaner,0.58,0,9
S00439,H1,2024-12-12,Nurse,0.63,15,3
S00440,H1,2023-05-22,Physician,0.53,9,4
S00441,H3,2024-07-03,Cleaner,0.59,10,5
S00442,H3,2024-02-09,Cleaner,0.82,16,3
S00443,H3,2022-11-05,Cleaner,0.8,4,6
S00444,H1,2024-02-04,Clerk,0.93,19,0
S00445,H4,2022-08-04,Cleaner,0.79,10,10
S00446,H3,2023-02-01,Nurse,0.84,4,1
S00447,H1,2024-04-15,Cleaner,0.66,5,6
S00448,H4,2022-07-29,Physician,1.0,6,4
S00449,H1,2023-04-05,Clerk,0.54,0,7
S00450,H4,2022-12-18,Clerk,0.87,16,10
S00451,H2,2024-04-24,Nurse,0.58,12,8
S00452,H1,2023-05-19,Physician,0.67,11,3
S00453,H3,2024-08-11,Physician,0.76,7,0
S00454,H4,2024-01-16,Physician,0.86,18,3
S00455,H1,2024-02-10,Clerk,0.53,11,6
S00456,H1,2022-10-02,Physician,0.79,18,6
S00457,H2,2024-03-03,Nurse,0.98,1,2
S00458,H4,2023-04-29,Physician,0.94,0,1
S00459,H4,2023-12-02,Clerk,0.71,18,0
S00460,H3,2023-08-10,Physician,0.54,15,3
S00461,H4,2022-04-11,Nurse,0.99,11,0
S00462,H3,2023-03-01,Cleaner,0.71,20,0
S00463,H1,2023-01-09,Cleaner,0.93,9,6
S00464,H3,2022-10-31,Cleaner,0.55,16,1
S00465,H3,2024-07-07,Nurse,0.75,14,1
S00466,H1,2024-06-09,Physician,0.7,14,10
S00467,H4,2022-09-04,Cleaner,0.75,15,7
S00468,H3,2023-01-19,Physician,0.76,3,9
S00469,H3,2024-12-26,Physician,0.83,0,2
S00470,H1,2023-12-02,Clerk,0.51,11,2
S00471,H2,2023-09-01,Physician,0.91,20,2
S00472,H3,2024-06-27,Physician,0.59,1,8
S00473,H1,2023-07-20,Nurse,0.82,5,0
S00474,H2,2022-03-04,Physician,0.92,2,1
S00475,H3,2023-03-30,Clerk,0.95,0,10
S00476,H2,2024-03-12,Cleaner,0.55,6,6
S00477,H1,2024-06-02,Physician,0.6,20,4
S00478,H4,2022-07-31,Cleaner,0.83,6,6
S00479,H1,2023-06-26,Physician,0.63,2,7
S00480,H3,2022-02-23,Nurse,0.74,10,0
S00481,H1,2022-09-30,Physician,0.85,0,1
S00482,H2,2023-10-02,Clerk,0.87,6,6
S00483,H4,2022-04-01,Nurse,0.67,12,7
S00484,H1,2022-06-27,Nurse,0.93,10,6
S00485,H2,2024-12-18,Clerk,0.53,5,10
S00486,H1,2024-11-21,Clerk,1.0,2,2
S00487,H4,2023-11-28,Cleaner,0.87,1,6
S00488,H2,2023-10-25,Nurse,0.86,7,10
S00489,H3,2024-01-24,Nurse,0.67,0,2
S00490,H2,2024-01-14,Clerk,0.89,14,7
S00491,H3,2023-12-19,Clerk,0.86,7,0
S00492,H2,2022-08-29,Cleaner,0.69,17,6
S00493,H1,2024-11-22,Clerk,0.86,7,10
S00494,H1,2024-09-20,Clerk,0.81,18,10
S00495,H2,2023-12-18,Cleaner,0.68,20,5
S00496,H4,2023-08-09,Nurse,0.63,8,4
S00497,H1,2022-07-17,Nurse,0.82,20,0
S00498,H3,2024-10-25,Clerk,0.92,4,0
S00499,H1,2022-02-05,Physician,0.85,15,10
S00500,H4,2024-07-11,Clerk,0.75,7,10
S00501,H2,2023-01-24,Nurse,0.83,12,3
S00502,H1,2023-07-09,Nurse,0.57,9,0
S00503,H1,2023-01-28,Cleaner,0.72,4,3
S00504,H2,2022-11-09,Cleaner,0.62,14,7
S00505,H1,2022-02-21,Cleaner,0.66,3,3
S00506,H3,2024-09-29,Nurse,0.94,10,7
S00507,H2,2022-06-10,Cleaner,1.0,17,4
S00508,H3,2023-10-23,Clerk,0.71,12,8
S00509,H2,2024-05-06,Physician,0.7,6,3
S00510,H1,2022-05-05,Physician,0.69,11,1
S00511,H4,2023-08-10,Nurse,0.62,14,10
S00512,H2,2022-11-11,Cleaner,0.62,11,5
S00513,H2,2022-10-09,Nurse,0.52,18,3
S00514,H4,2024-02-11,Nurse,0.72,13,3
S00515,H2,2024-02-02,Clerk,0.5,20,7
S00516,H1,2024-05-02,Clerk,0.65,16,2
S00517,H2,2023-07-01,Cleaner,0.5,2,2
S00518,H4,2023-07-19,Physician,0.9,6,10
S00519,H3,2024-05-16,Cleaner,0.81,5,10
S00520,H1,2022-02-12,Cleaner,0.78,19,0
S00521,H4,2023-02-14,Physician,0.68,11,1
S00522,H1,2022-10-19,Clerk,0.81,10,3
S00523,H2,2023-08-31,Nurse,0.81,0,9
S00524,H3,2022-01-07,Cleaner,0.83,15,5
S00525,H4,2023-07-07,Clerk,0.81,4,10
S00526,H1,2023-12-25,Cleaner,0.8,4,4
S00527,H4,2024-10-29,Clerk,0.81,4,10
S00528,H4,2022-01-10,Clerk,0.68,20,5
S00529,H2,2023-02-04,Clerk,0.83,1,1
S00530,H4,2022-11-16,Clerk,0.72,13,10
S00531,H1,2023-04-10,Nurse,0.89,11,7
S00532,H2,2022-08-12,Nurse,0.52,15,7
S00533,H2,2022-08-21,Cleaner,0.75,18,9
S00534,H2,2022-01-27,Clerk,0.9,4,4
S00535,H3,2022-09-29,Physician,0.86,2,1
S00536,H1,2022-01-07,Cleaner,0.52,14,3
S00537,H1,2024-09-17,Physician,0.83,13,10
S00538,H3,2023-10-27,Nurse,0.94,17,0
S00539,H3,2024-08-20,Cleaner,0.85,2,10
S00540,H1,2023-09-02,Clerk,0.64,11,7
S00541,H1,2022-08-02,Cleaner,0.8,8,6
S00542,H2,2022-12-18,Physician,0.72,16,5
S00543,H3,2024-02-12,Clerk,0.74,9,3
S00544,H1,2022-01-16,Nurse,0.83,16,6
S00545,H4,2024-04-30,Physician,0.7,4,10
S00546,H1,2023-08-27,Clerk,0.82,13,7
S00547,H1,2024-02-16,Nurse,0.77,11,3
S00548,H4,2022-02-16,Nurse,0.8,17,5
S00549,H3,2024-12-22,Cleaner,0.95,7,5
S00550,H1,2024-06-16,Physician,0.84,0,4
S00551,H4,2023-04-01,Cleaner,0.62,11,1
S00552,H4,2023-12-11,Cleaner,0.85,19,8
S00553,H3,2023-07-28,Physician,0.71,20,6
S00554,H1,2023-05-17,Cleaner,0.58,7,7
S00555,H1,2023-12-18,Cleaner,0.64,16,3
S00556,H4,2023-04-15,Clerk,0.78,17,0
S00557,H3,2022-01-06,Physician,0.59,15,8
S00558,H4,2023-09-13,Cleaner,0.87,14,0
S00559,H4,2024-11-26,Cleaner,0.8,13,0
S00560,H3,2022-08-30,Physician,0.9,6,1
S00561,H3,2022-07-21,Cleaner,0.65,20,4
S00562,H2,2023-11-03,Physician,0.81,10,7
S00563,H3,2023-10-14,Cleaner,0.82,19,3
S00564,H2,2024-01-13,Clerk,0.58,8,7
S00565,H1,2024-04-26,Nurse,0.77,16,0
S00566,H2,2022-05-13,Cleaner,0.76,3,7
S00567,H3,2023-03-05,Cleaner,0.65,16,0
S00568,H2,2023-01-29,Clerk,0.73,8,5
S00569,H4,2023-06-19,Physician,0.95,9,9
S00570,H4,2024-03-16,Clerk,0.98,0,0
S00571,H3,2022-08-09,Physician,0.62,13,0
S00572,H1,2024-11-08,Cleaner,0.57,0,1
S00573,H1,2024-09-05,Clerk,0.53,10,8
S00574,H4,2024-02-06,Physician,0.64,8,9
S00575,H4,2024-08-31,Cleaner,0.64,19,9
S00576,H4,2024-05-28,Nurse,0.69,3,6
S00577,H3,2022-09-10,Physician,0.88,17,7
S00578,H3,2022-11-10,Nurse,0.98,6,3
S00579,H4,2023-09-02,Cleaner,0.59,3,10
S00580,H4,2022-11-02,Nurse,0.82,2,2
S00581,H3,2022-10-28,Physician,0.73,19,1
S00582,H4,2024-08-10,Clerk,0.93,4,9
S00583,H3,2023-10-18,Physician,0.58,1,6
S00584,H4,2022-04-02,Physician,0.59,4,4
S00585,H4,2024-10-17,Clerk,0.81,7,10
S00586,H3,2022-02-19,Nurse,0.65,2,4
S00587,H4,2023-07-24,Clerk,0.94,13,9
S00588,H4,2022-09-19,Cleaner,0.8,19,8
S00589,H1,2022-12-27,Cleaner,0.61,9,3
S00590,H1,2023-07-18,Nurse,0.63,10,4
S00591,H4,2023-10-22,Nurse,0.57,16,7
S00592,H3,2024-06-27,Physician,0.9,3,8
S00593,H4,2024-06-11,Clerk,0.84,2,5
S00594,H4,2022-12-06,Clerk,0.85,4,9
S00595,H3,2022-05-07,Physician,0.51,11,2
S00596,H2,2024-12-29,Clerk,0.88,20,0
S00597,H2,2022-02-16,Cleaner,0.58,8,9
S00598,H1,2022-02-23,Clerk,0.74,9,1
S00599,H4,2023-04-16,Physician,0.86,4,4
S00600,H1,2023-04-12,Clerk,0.78,12,4
S00601,H3,2022-09-25,Clerk,0.88,1,1
S00602,H3,2023-04-23,Clerk,0.84,11,6
S00603,H4,2022-04-15,Cleaner,0.93,10,0
S00604,H2,2022-02-07,Clerk,0.66,5,4
S00605,H3,2024-11-24,Cleaner,0.93,4,3
S00606,H2,2023-09-19,Physician,0.76,7,8
S00607,H3,2022-05-05,Cleaner,0.97,17,0
S00608,H3,2024-10-19,Physician,0.65,20,5
S00609,H3,2022-04-03,Physician,0.54,4,8
S00610,H3,2023-10-17,Nurse,0.7,14,10
S00611,H2,2022-09-04,Nurse,0.74,0,2
S00612,H1,2023-02-15,Cleaner,0.84,20,9
S00613,H3,2022-01-12,Physician,0.59,3,9
S00614,H3,2022-03-10,Cleaner,0.94,4,9
S00615,H4,2023-11-03,Physician,0.58,8,8
S00616,H4,2022-06-22,Nurse,0.95,8,10
S00617,H2,2022-04-14,Clerk,0.57,5,4
S00618,H1,2022-02-25,Cleaner,0.75,8,4
S00619,H4,2022-05-20,Cleaner,0.67,13,1
S00620,H1,2024-04-08,Nurse,0.55,15,5
S00621,H3,2022-01-01,Clerk,0.76,8,1
S00622,H1,2023-05-05,Clerk,0.67,4,2
S00623,H1,2024-02-13,Nurse,0.59,4,3
S00624,H3,2024-09-05,Physician,0.85,10,9
S00625,H3,2023-08-04,Physician,0.97,16,6
S00626,H3,2023-05-25,Cleaner,0.86,7,3
S00627,H3,2022-06-21,Cleaner,0.53,14,3
S00628,H4,2022-05-04,Clerk,0.98,17,8
S00629,H4,2022-09-05,Physician,0.72,18,1
S00630,H3,2024-01-22,Cleaner,0.76,6,4
S00631,H3,2022-11-11,Cleaner,0.66,15,1
S00632,H3,2022-02-13,Cleaner,0.7,12,9
S00633,H3,2022-11-13,Clerk,0.89,17,4
S00634,H1,2022-07-15,Nurse,0.91,20,1
S00635,H4,2023-02-01,Physician,0.9,17,8
S00636,H3,2022-03-25,Cleaner,0.53,20,2
S00637,H2,2022-05-19,Nurse,0.97,10,9
S00638,H1,2023-06-08,Cleaner,0.85,20,6
S00639,H4,2024-08-16,Nurse,0.59,16,7
S00640,H4,2024-03-23,Nurse,0.75,9,3
S00641,H2,2024-01-08,Cleaner,0.98,11,5
S00642,H3,2024-10-20,Clerk,0.58,15,9
S00643,H1,2024-12-21,Physician,0.57,9,9
S00644,H2,2022-05-25,Clerk,0.81,15,5
S00645,H1,2022-02-18,Clerk,0.93,4,5
S00646,H4,2022-03-25,Physician,0.56,17,2
S00647,H2,2024-01-17,Physician,0.87,8,8
S00648,H2,2024-01-05,Nurse,0.8,4,7
S00649,H1,2023-01-26,Nurse,0.73,4,0
S00650,H3,2022-11-08,Cleaner,0.98,14,8
S00651,H3,2022-09-06,Cleaner,0.97,16,5
S00652,H3,2023-06-23,Clerk,0.78,15,7
S00653,H2,2022-03-30,Clerk,0.8,18,0
S00654,H3,2023-06-06,Cleaner,0.95,19,2
S00655,H4,2023-08-13,Physician,0.67,5,5
S00656,H3,2024-02-05,Physician,0.65,19,8
S00657,H2,2024-05-12,Cleaner,0.92,13,3
S00658,H3,2022-08-26,Clerk,0.79,8,2
S00659,H2,2024-11-23,Physician,0.51,10,6
S00660,H4,2024-11-29,Clerk,0.53,2,4
S00661,H2,2024-02-12,Cleaner,0.7,0,0
S00662,H2,2023-10-03,Clerk,0.54,19,5
S00663,H2,2022-08-30,Physician,0.71,1,3
S00664,H4,2022-07-28,Nurse,0.84,10,3
S00665,H2,2022-10-20,Nurse,0.99,11,6
S00666,H1,2023-07-21,Nurse,0.87,9,3
S00667,H2,2023-04-25,Clerk,0.93,19,0
S00668,H3,2022-07-09,Physician,0.64,7,0
S00669,H3,2024-01-19,Clerk,0.85,17,10
S00670,H3,2023-05-05,Clerk,0.77,4,5
S00671,H2,2024-12-06,Physician,0.63,13,0
S00672,H3,2023-06-30,Nurse,0.8,15,6
S00673,H4,2023-12-16,Physician,0.96,13,4
S00674,H2,2024-04-10,Clerk,0.73,3,3
S00675,H2,2024-02-13,Cleaner,0.78,0,7
S00676,H3,2024-08-11,Physician,0.75,19,7
S00677,H1,2024-01-20,Clerk,0.85,13,6
S00678,H2,2022-03-14,Clerk,0.69,13,4
S00679,H2,2024-07-06,Cleaner,0.55,8,0
S00680,H4,2024-01-08,Nurse,0.59,8,1
S00681,H4,2024-03-10,Clerk,0.57,15,0
S00682,H3,2024-10-01,Physician,0.68,3,1
S00683,H2,2023-08-23,Nurse,0.59,14,4
S00684,H4,2022-04-19,Nurse,0.85,14,3
S00685,H1,2024-02-28,Nurse,0.84,17,5
S00686,H4,2023-03-30,Nurse,0.96,9,8
S00687,H4,2023-07-10,Physician,0.55,9,9
S00688,H3,2022-05-10,Clerk,0.77,20,5
S00689,H3,2024-03-31,Clerk,0.89,2,0
S00690,H1,2022-11-15,Nurse,0.64,12,5
S00691,H2,2024-08-16,Clerk,0.76,1,8
S00692,H2,2022-08-18,Physician,0.9,5,1
S00693,H4,2023-02-17,Cleaner,0.96,1,10
S00694,H1,2024-09-17,Nurse,0.97,8,7
S00695,H4,2022-12-02,Clerk,0.91,5,2
S00696,H3,2022-12-24,Physician,0.86,20,10
S00697,H1,2024-12-06,Cleaner,0.56,1,4
S00698,H4,2022-08-15,Cleaner,0.57,13,1
S00699,H1,2024-11-27,Physician,0.67,2,7
S00700,H1,2022-11-01,Physician,0.69,11,3
S00701,H2,2022-04-13,Physician,0.84,18,7
S00702,H4,2022-09-27,Nurse,0.95,12,4
S00703,H2,2022-05-03,Clerk,0.83,10,7
S00704,H1,2022-08-18,Physician,0.87,19,10
S00705,H4,2022-10-14,Cleaner,0.91,18,3
S00706,H2,2024-10-31,Clerk,0.89,0,9
S00707,H4,2024-02-22,Nurse,0.84,15,1
S00708,H1,2024-01-03,Nurse,0.53,14,6
S00709,H1,2022-03-18,Nurse,0.77,2,8
S00710,H2,2024-10-01,Cleaner,0.79,20,2
S00711,H4,2022-09-04,Nurse,0.66,7,7
S00712,H1,2024-12-25,Clerk,0.75,18,8
S00713,H1,2022-11-04,Clerk,0.75,3,0
S00714,H2,2023-10-28,Clerk,0.83,1,7
S00715,H3,2023-07-28,Cleaner,0.65,12,5
S00716,H4,2024-09-20,Clerk,0.76,0,4
S00717,H2,2022-07-15,Physician,0.81,2,2
S00718,H3,2022-12-19,Physician,0.84,8,9
S00719,H1,2024-07-20,Cleaner,0.66,15,1
S00720,H4,2023-04-16,Clerk,0.97,8,9
S00721,H2,2023-01-10,Physician,0.72,2,4
S00722,H1,2024-07-25,Cleaner,0.74,5,4
S00723,H1,2022-12-28,Cleaner,0.56,6,4
S00724,H1,2023-02-17,Nurse,0.72,12,2
S00725,H2,2022-09-01,Nurse,0.63,7,9
S00726,H3,2023-03-03,Nurse,0.8,18,2
S00727,H1,2024-04-17,Nurse,0.93,3,2
S00728,H4,2023-08-10,Cleaner,0.96,8,8
S00729,H3,2023-03-10,Cleaner,0.67,1,9
S00730,H3,2023-08-17,Nurse,0.88,9,1
S00731,H3,2022-05-17,Physician,0.64,5,3
S00732,H4,2024-11-26,Clerk,0.74,2,1
S00733,H2,2024-03-11,Physician,0.53,1,7
S00734,H1,2024-02-10,Physician,0.98,10,10
S00735,H3,2023-08-30,Physician,0.66,7,5
S00736,H4,2022-03-09,Clerk,0.78,11,0
S00737,H3,2023-07-24,Physician,0.92,0,4
S00738,H1,2024-03-06,Cleaner,0.52,15,9
S00739,H3,2022-07-06,Nurse,0.87,7,5
S00740,H2,2022-10-17,Clerk,0.87,3,8
S00741,H2,2022-02-04,Nurse,0.78,8,6
S00742,H3,2023-04-02,Nurse,0.77,12,5
S00743,H4,2024-02-06,Physician,0.54,2,2
S00744,H4,2022-07-27,Cleaner,0.87,8,10
S00745,H3,2023-04-29,Cleaner,0.67,3,1
S00746,H4,2023-01-07,Physician,0.79,15,2
S00747,H1,2022-07-09,Cleaner,0.52,11,4
S00748,H4,2023-10-31,Nurse,0.51,14,5
S00749,H1,2024-09-18,Physician,0.58,3,8
S00750,H2,2022-07-10,Cleaner,0.58,11,4
S00751,H1,2024-06-21,Physician,0.97,4,7
S00752,H4,2022-07-25,Cleaner,0.52,15,6
S00753,H1,2024-08-23,Cleaner,0.86,19,7
S00754,H2,2023-01-11,Cleaner,0.52,10,2
S00755,H4,2024-09-09,Cleaner,0.86,14,8
S00756,H3,2022-06-09,Clerk,0.62,0,2
S00757,H4,2023-05-31,Clerk,0.61,17,2
S00758,H2,2024-05-10,Clerk,0.5,16,4
S00759,H2,2023-04-20,Cleaner,0.91,5,10
S00760,H1,2022-04-27,Physician,0.65,12,0
S00761,H4,2022-07-08,Physician,0.94,12,8
S00762,H1,2023-05-17,Nurse,0.83,13,8
S00763,H4,2022-08-07,Cleaner,0.99,9,5
S00764,H2,2023-01-04,Physician,0.78,10,7
S00765,H4,2024-02-28,Cleaner,0.67,0,7
S00766,H4,2023-09-21,Clerk,0.88,13,3
S00767,H4,2024-03-15,Cleaner,0.61,15,1
S00768,H4,2023-09-03,Clerk,0.92,4,10
S00769,H2,2023-10-01,Physician,0.5,16,4
S00770,H2,2023-02-09,Nurse,0.51,3,1
S00771,H3,2022-01-05,Clerk,0.62,15,5
S00772,H1,2023-05-02,Nurse,0.87,1,4
S00773,H4,2024-09-14,Nurse,0.66,9,6
S00774,H4,2024-09-19,Nurse,0.8,15,4
S00775,H1,2022-09-21,Cleaner,0.74,4,4
S00776,H4,2022-07-06,Nurse,0.71,19,2
S00777,H2,2023-10-13,Physician,0.54,9,2
S00778,H1,2024-01-18,Physician,0.58,10,10
S00779,H3,2023-10-10,Cleaner,0.96,19,1
S00780,H2,2022-08-10,Physician,0.65,9,4
S00781,H4,2023-11-30,Cleaner,0.67,12,2
S00782,H1,2023-04-19,Clerk,0.91,10,3
S00783,H1,2023-06-26,Cleaner,0.58,6,6
S00784,H2,2022-08-03,Physician,0.98,2,6
S00785,H3,2024-08-17,Nurse,0.94,2,3
S00786,H3,2022-12-30,Clerk,0.82,12,5
S00787,H1,2022-09-02,Nurse,0.96,12,9
S00788,H4,2024-05-12,Clerk,0.87,9,4
S00789,H1,2022-08-15,Nurse,0.81,2,7
S00790,H4,2022-05-15,Physician,0.71,6,10
S00791,H3,2024-09-12,Nurse,0.52,6,8
S00792,H1,2024-05-26,Cleaner,0.74,10,1
S00793,H3,2022-11-05,Cleaner,0.67,17,8
S00794,H3,2024-01-09,Physician,0.74,8,3
S00795,H2,2023-09-24,Clerk,0.95,4,6
S00796,H4,2023-02-24,Clerk,0.63,8,5
S00797,H3,2022-01-21,Nurse,0.9,16,5
S00798,H3,2022-08-08,Cleaner,0.57,1,5
S00799,H4,2022-11-24,Clerk,0.78,17,7
S00800,H2,2023-10-19,Clerk,0.51,1,7
S00801,H1,2024-05-29,Cleaner,0.76,5,9
S00802,H1,2022-08-02,Cleaner,0.9,13,7
S00803,H4,2024-05-16,Nurse,0.69,19,5
S00804,H4,2022-05-03,Cleaner,0.66,17,2
S00805,H1,2024-03-07,Cleaner,0.62,3,9
S00806,H1,2024-08-14,Clerk,0.61,9,3
S00807,H2,2023-03-23,Physician,0.51,6,0
S00808,H4,2024-12-23,Clerk,0.56,11,9
S00809,H1,2024-06-02,Nurse,0.92,0,1
S00810,H1,2024-02-21,Physician,0.64,1,5
S00811,H2,2023-04-17,Physician,0.87,7,1
S00812,H4,2024-06-02,Nurse,0.99,13,9
S00813,H3,2022-08-12,Clerk,0.62,9,3
S00814,H4,2024-11-09,Physician,0.88,8,4
S00815,H2,2022-09-29,Clerk,0.6,19,3
S00816,H4,2022-06-01,Cleaner,0.67,10,1
S00817,H1,2023-01-12,Clerk,0.9,18,10
S00818,H3,2022-08-09,Nurse,0.99,16,7
S00819,H4,2023-06-21,Cleaner,0.86,4,7
S00820,H2,2022-04-19,Cleaner,0.6,18,4
S00821,H4,2022-05-16,Nurse,0.63,9,6
S00822,H3,2023-04-13,Nurse,0.52,10,0
S00823,H2,2024-11-20,Physician,0.9,0,8
S00824,H3,2024-09-12,Nurse,0.55,19,5
S00825,H3,2024-05-23,Cleaner,0.79,18,4
S00826,H2,2022-05-20,Physician,0.87,13,0
S00827,H1,2022-10-22,Clerk,0.72,19,3
S00828,H1,2022-07-22,Clerk,0.86,6,9
S00829,H2,2023-08-01,Cleaner,0.94,20,2
S00830,H4,2022-11-18,Nurse,0.97,3,0
S00831,H4,2023-02-19,Cleaner,0.75,9,10
S00832,H1,2022-09-11,Nurse,0.66,12,7
S00833,H2,2023-06-13,Clerk,0.98,9,0
S00834,H1,2023-06-05,Cleaner,0.7,7,0
S00835,H3,2022-12-23,Nurse,0.92,10,2
S00836,H1,2022-10-25,Nurse,0.86,14,6
S00837,H1,2022-09-25,Clerk,0.64,6,3
S00838,H4,2023-09-18,Nurse,0.59,3,5
S00839,H3,2022-03-20,Cleaner,0.84,7,10
S00840,H3,2024-05-30,Physician,0.89,19,7
S00841,H3,2023-12-18,Cleaner,0.81,19,5
S00842,H3,2024-07-10,Cleaner,0.9,17,0
S00843,H1,2022-02-14,Physician,0.67,1,0
S00844,H2,2022-11-16,Cleaner,0.72,17,9
S00845,H1,2024-06-19,Clerk,0.77,13,9
S00846,H3,2024-04-29,Nurse,0.73,2,5
S00847,H2,2022-05-21,Cleaner,0.98,2,1
S00848,H4,2024-08-22,Cleaner,0.67,17,7
S00849,H2,2024-10-29,Clerk,0.68,6,7
S00850,H3,2024-01-11,Cleaner,0.73,2,2
S00851,H2,2024-10-21,Clerk,0.71,9,8
S00852,H3,2023-06-17,Clerk,0.94,20,9
S00853,H3,2023-01-19,Cleaner,0.55,18,9
S00854,H4,2023-02-13,Cleaner,0.55,4,3
S00855,H1,2022-03-07,Nurse,0.71,6,1
S00856,H2,2024-06-12,Clerk,0.96,16,2
S00857,H1,2022-06-14,Nurse,0.84,3,1
S00858,H1,2022-07-25,Cleaner,0.87,7,7
S00859,H2,2022-10-16,Physician,0.59,5,2
S00860,H1,2023-07-13,Physician,0.64,15,5
S00861,H4,2023-08-02,Physician,0.87,9,10
S00862,H3,2024-05-03,Physician,0.91,14,0
S00863,H4,2023-09-27,Clerk,0.94,14,4
S00864,H1,2022-08-12,Clerk,0.98,9,0
S00865,H2,2024-04-29,Clerk,0.66,18,10
S00866,H3,2023-01-17,Physician,0.71,18,8
S00867,H1,2022-11-26,Cleaner,0.98,12,1
S00868,H4,2023-09-19,Physician,0.64,13,1
S00869,H1,2024-05-11,Physician,0.65,8,4
S00870,H2,2024-09-01,Cleaner,0.56,1,4
S00871,H4,2023-11-14,Nurse,0.77,18,9
S00872,H2,2023-06-18,Physician,0.81,5,10
S00873,H1,2022-10-09,Clerk,0.81,13,10
S00874,H1,2023-09-30,Nurse,0.52,1,7
S00875,H2,2022-12-31,Nurse,0.79,16,7
S00876,H4,2024-09-12,Nurse,0.58,1,8
S00877,H1,2024-01-31,Physician,0.67,11,2
S00878,H2,2022-03-08,Nurse,0.74,14,5
S00879,H2,2024-06-30,Clerk,0.65,11,2
S00880,H4,2022-06-02,Nurse,0.67,14,8
S00881,H4,2022-01-12,Physician,0.69,5,1
S00882,H1,2024-11-02,Cleaner,0.6,10,10
S00883,H2,2022-05-09,Cleaner,0.79,10,4
S00884,H1,2023-04-28,Physician,0.89,0,4
S00885,H3,2023-01-16,Clerk,0.69,17,0
S00886,H2,2022-03-14,Nurse,0.6,12,8
S00887,H2,2024-09-08,Physician,0.59,11,6
S00888,H3,2022-08-03,Clerk,0.82,5,9
S00889,H1,2024-04-07,Cleaner,0.66,4,8
S00890,H2,2023-01-20,Physician,0.89,10,1
S00891,H2,2024-08-07,Physician,0.74,18,0
S00892,H4,2023-12-08,Cleaner,0.66,11,5
S00893,H3,2022-02-18,Clerk,0.53,10,4
S00894,H2,2023-03-12,Cleaner,0.7,3,5
S00895,H4,2022-08-14,Physician,0.96,7,8
S00896,H3,2023-05-05,Clerk,0.65,15,10
S00897,H4,2023-05-21,Nurse,0.56,4,5
S00898,H2,2022-05-20,Cleaner,0.93,10,8
S00899,H1,2022-07-06,Clerk,0.57,8,3
S00900,H3,2022-08-04,Nurse,0.71,0,8
S00901,H3,2022-06-02,Physician,0.77,15,10
S00902,H1,2022-06-04,Cleaner,0.92,2,4
S00903,H4,2024-07-01,Cleaner,0.57,11,0
S00904,H1,2022-01-01,Physician,0.51,10,9
S00905,H3,2024-12-10,Cleaner,0.68,14,10
S00906,H3,2022-02-13,Cleaner,0.69,0,1
S00907,H3,2024-06-09,Physician,0.89,14,7
S00908,H3,2023-03-20,Nurse,0.93,20,10
S00909,H1,2022-03-09,Clerk,0.94,10,2
S00910,H4,2024-07-26,Nurse,0.57,7,1
S00911,H3,2023-09-10,Clerk,0.97,3,3
S00912,H2,2023-02-28,Nurse,0.55,17,4
S00913,H1,2024-04-29,Clerk,0.54,13,7
S00914,H2,2024-02-23,Clerk,0.73,13,9
S00915,H1,2023-07-20,Physician,0.67,18,6
S00916,H1,2024-02-02,Nurse,0.62,6,7
S00917,H2,2022-09-18,Nurse,0.87,20,9
S00918,H1,2024-02-21,Clerk,0.87,6,0
S00919,H2,2023-03-04,Nurse,0.56,20,1
S00920,H4,2023-10-31,Cleaner,0.87,12,3
S00921,H4,2023-05-24,Cleaner,0.57,7,5
S00922,H4,2024-07-05,Nurse,0.55,13,6
S00923,H2,2022-05-08,Nurse,0.58,10,2
S00924,H4,2023-08-30,Clerk,0.67,14,2
S00925,H2,2023-08-29,Cleaner,0.68,14,7
S00926,H4,2022-02-25,Clerk,0.53,16,7
S00927,H3,2023-04-27,Clerk,0.64,20,2
S00928,H1,2023-08-12,Nurse,0.86,13,6
S00929,H2,2022-04-15,Clerk,0.76,17,10
S00930,H1,2022-12-23,Physician,0.89,5,5
S00931,H1,2023-03-11,Nurse,0.58,6,5
S00932,H4,2023-10-08,Nurse,0.82,8,1
S00933,H2,2022-08-09,Cleaner,0.55,15,5
S00934,H1,2024-03-20,Clerk,0.86,20,4
S00935,H3,2022-10-08,Nurse,0.58,14,1
S00936,H4,2023-11-03,Clerk,0.99,17,10
S00937,H3,2024-02-16,Cleaner,0.71,12,1
S00938,H2,2024-11-24,Cleaner,0.64,9,0
S00939,H3,2024-05-21,Nurse,0.59,13,10
S00940,H1,2023-12-09,Cleaner,0.58,14,8
S00941,H4,2023-01-05,Clerk,0.57,18,3
S00942,H4,2024-05-02,Nurse,0.62,19,1
S00943,H2,2024-01-26,Clerk,0.9,19,0
S00944,H2,2023-06-25,Cleaner,0.5,16,5
S00945,H3,2024-05-06,Physician,0.69,10,8
S00946,H1,2022-05-21,Nurse,0.78,2,8
S00947,H3,2024-05-08,Clerk,0.88,18,0
S00948,H3,2023-11-07,Clerk,0.84,20,9
S00949,H3,2024-08-15,Cleaner,0.67,13,1
S00950,H2,2023-04-11,Physician,0.8,9,4
S00951,H3,2022-11-22,Clerk,0.7,5,8
S00952,H3,2023-03-13,Physician,0.64,4,0
S00953,H3,2022-09-03,Cleaner,0.96,5,5
S00954,H2,2023-10-20,Nurse,0.71,19,1
S00955,H4,2022-08-29,Cleaner,0.52,8,7
S00956,H1,2022-05-09,Physician,0.54,5,0
S00957,H1,2022-07-14,Nurse,0.67,20,5
S00958,H4,2024-09-01,Physician,0.61,15,2
S00959,H3,2024-01-12,Cleaner,0.97,13,4
S00960,H3,2023-01-01,Clerk,0.87,13,0
S00961,H4,2022-10-10,Nurse,0.98,12,0
S00962,H3,2024-05-14,Nurse,0.7,17,1
S00963,H2,2024-01-23,Nurse,0.83,20,5
S00964,H4,2023-01-05,Cleaner,0.72,3,4
S00965,H2,2022-07-19,Physician,0.94,1,2
S00966,H1,2022-03-15,Nurse,0.52,11,3
S00967,H1,2024-09-09,Cleaner,0.56,5,10
S00968,H1,2022-07-21,Cleaner,0.93,6,1
S00969,H3,2022-09-08,Physician,0.94,1,5
S00970,H2,2023-08-29,Physician,0.67,0,2
S00971,H1,2024-01-04,Cleaner,0.76,15,2
S00972,H2,2023-09-28,Physician,0.9,0,0
S00973,H1,2024-10-07,Nurse,0.63,20,2
S00974,H1,2023-02-19,Physician,0.86,15,5
S00975,H1,2024-01-01,Nurse,0.85,7,3
S00976,H4,2022-02-13,Cleaner,0.95,5,8
S00977,H1,2022-11-03,Physician,0.73,15,5
S00978,H1,2024-02-10,Cleaner,0.71,5,1
S00979,H1,2023-06-17,Cleaner,0.57,2,10
S00980,H1,2023-04-15,Nurse,0.64,13,2
S00981,H3,2023-12-19,Physician,0.85,7,3
S00982,H4,2022-06-28,Cleaner,0.76,2,9
S00983,H1,2023-03-27,Physician,0.58,20,5
S00984,H3,2024-04-27,Nurse,0.82,14,6
S00985,H3,2022-01-02,Physician,0.92,13,3
S00986,H4,2024-10-25,Physician,0.81,11,9
S00987,H1,2024-10-28,Clerk,0.98,11,1
S00988,H1,2023-07-20,Nurse,0.76,11,8
S00989,H3,2023-01-16,Cleaner,0.64,17,10
S00990,H4,2024-06-13,Cleaner,0.76,8,4
S00991,H1,2024-10-07,Clerk,0.92,8,5
S00992,H1,2023-04-26,Physician,0.55,12,2
S00993,H2,2024-12-08,Physician,0.87,5,6
S00994,H2,2022-01-05,Nurse,0.76,2,10
S00995,H2,2022-04-23,Physician,0.54,13,7
S00996,H2,2022-04-18,Cleaner,0.95,1,2
S00997,H1,2022-06-01,Cleaner,0.6,20,4
S00998,H3,2024-12-27,Physician,0.96,3,10
S00999,H2,2023-01-16,Physician,0.58,5,9
S01000,H1,2022-10-06,Nurse,0.88,20,0
S01001,H1,2024-07-20,Physician,0.68,8,3
S01002,H3,2022-03-09,Nurse,0.84,12,4
S01003,H1,2022-09-27,Cleaner,0.84,17,2
S01004,H2,2024-12-05,Clerk,0.75,13,7
S01005,H2,2023-08-08,Cleaner,0.63,9,10
S01006,H2,2023-12-07,Nurse,0.97,10,9
S01007,H2,2024-02-28,Physician,0.88,18,1
S01008,H3,2024-06-04,Physician,0.7,4,8
S01009,H2,2024-04-18,Physician,0.67,8,9
S01010,H4,2023-05-07,Physician,0.74,14,1
S01011,H4,2022-07-16,Clerk,0.82,0,8
S01012,H1,2024-07-11,Physician,0.93,3,10
S01013,H2,2022-01-25,Clerk,0.6,1,10
S01014,H2,2024-12-17,Physician,0.84,10,7
S01015,H2,2022-01-23,Cleaner,0.66,9,1
S01016,H2,2024-10-27,Clerk,0.98,12,8
S01017,H3,2024-11-06,Nurse,0.82,6,4
S01018,H3,2024-07-22,Physician,0.96,13,1
S01019,H4,2023-10-17,Physician,0.89,2,9
S01020,H1,2024-11-10,Clerk,0.98,13,5
S01021,H3,2022-07-10,Physician,0.91,8,1
S01022,H4,2024-01-11,Cleaner,0.89,2,8
S01023,H1,2024-01-11,Clerk,0.69,20,3
S01024,H4,2024-02-16,Nurse,0.77,13,5
S01025,H3,2022-11-10,Clerk,0.51,6,1
S01026,H1,2024-01-05,Clerk,0.99,9,1
S01027,H3,2024-08-05,Clerk,0.78,8,0
S01028,H1,2022-05-06,Physician,0.5,12,4
S01029,H1,2022-11-26,Nurse,0.91,12,9
S01030,H1,2024-04-14,Nurse,0.78,16,3
S01031,H2,2022-06-29,Physician,0.63,4,3
S01032,H3,2022-08-31,Nurse,0.88,3,5
S01033,H3,2024-03-17,Cleaner,0.87,17,3
S01034,H3,2024-04-07,Cleaner,0.96,13,6
S01035,H1,2023-03-18,Clerk,0.66,12,3
S01036,H2,2023-02-04,Nurse,0.6,9,3
S01037,H1,2024-04-05,Cleaner,0.93,7,3
S01038,H1,2023-05-20,Physician,0.75,18,4
S01039,H2,2022-08-03,Cleaner,0.62,10,9
S01040,H1,2023-05-21,Nurse,0.82,8,9
S01041,H2,2024-03-06,Physician,0.73,10,5
S01042,H4,2024-10-14,Cleaner,0.67,9,10
S01043,H4,2024-02-23,Clerk,0.52,0,10
S01044,H4,2022-12-20,Cleaner,0.59,1,5
S01045,H2,2023-07-25,Clerk,0.59,7,1
S01046,H3,2024-01-04,Nurse,0.95,11,1
S01047,H2,2024-02-11,Physician,0.92,17,5
S01048,H3,2024-11-02,Cleaner,0.88,16,8
S01049,H4,2024-05-24,Cleaner,0.62,17,8
S01050,H1,2023-04-12,Physician,0.81,20,6
S01051,H4,2022-05-09,Clerk,1.0,18,8
S01052,H2,2022-03-13,Nurse,0.63,18,9
S01053,H3,2022-04-20,Cleaner,0.79,0,4
S01054,H2,2023-03-23,Physician,0.94,20,7
S01055,H2,2023-05-28,Physician,0.84,20,2
S01056,H1,2023-07-09,Cleaner,0.67,11,7
S01057,H3,2023-11-01,Nurse,0.67,12,10
S01058,H2,2024-02-18,Physician,0.89,2,10
S01059,H1,2024-02-26,Physician,0.68,10,6
S01060,H2,2022-01-23,Cleaner,0.97,5,3
S01061,H2,2022-03-14,Physician,0.74,16,9
S01062,H2,2024-12-16,Nurse,0.58,16,1
S01063,H1,2024-03-01,Clerk,0.94,11,2
S01064,H1,2023-10-30,Cleaner,0.6,4,8
S01065,H4,2024-11-16,Physician,0.84,6,3
S01066,H2,2023-03-20,Nurse,0.81,14,1
S01067,H2,2023-09-21,Physician,0.71,5,7
S01068,H4,2024-10-03,Physician,0.84,1,7
S01069,H4,2023-03-08,Physician,0.87,14,5
S01070,H1,2023-04-27,Clerk,0.51,2,8
S01071,H3,2024-03-31,Nurse,0.7,18,0
S01072,H4,2023-02-13,Physician,0.82,1,6
S01073,H3,2022-03-18,Clerk,0.56,9,10
S01074,H2,2024-11-02,Physician,0.8,7,7
S01075,H1,2023-04-29,Nurse,0.99,5,0
S01076,H4,2023-04-21,Nurse,0.85,13,3
S01077,H2,2024-10-13,Nurse,0.93,13,0
S01078,H1,2024-08-16,Nurse,0.68,18,9
S01079,H4,2024-06-17,Clerk,0.75,6,7
S01080,H2,2022-06-25,Clerk,0.53,19,1
S01081,H3,2023-11-13,Cleaner,0.57,0,10
S01082,H2,2022-08-09,Cleaner,0.98,19,5
S01083,H2,2024-09-14,Clerk,0.93,20,3
S01084,H1,2023-03-04,Cleaner,0.9,0,4
S01085,H4,2024-08-31,Cleaner,0.98,16,8
S01086,H2,2022-06-27,Cleaner,0.83,14,6
S01087,H3,2023-09-28,Physician,0.91,6,3
S01088,H4,2024-02-29,Cleaner,0.51,16,0
S01089,H2,2022-06-15,Physician,0.68,10,2
S01090,H4,2024-11-15,Physician,0.89,4,6
S01091,H2,2022-01-24,Clerk,0.52,14,6
S01092,H4,2024-02-08,Cleaner,0.7,7,5
S01093,H4,2022-02-27,Clerk,0.95,1,4
S01094,H4,2022-04-06,Nurse,0.69,1,5
S01095,H2,2023-09-21,Clerk,0.93,19,8
S01096,H4,2023-05-21,Clerk,0.78,9,1
S01097,H1,2022-08-30,Cleaner,0.92,7,9
S01098,H1,2022-11-29,Physician,0.71,18,0
S01099,H4,2023-12-19,Cleaner,0.7,4,2
S01100,H2,2024-11-12,Cleaner,0.72,9,9
S01101,H3,2024-05-27,Nurse,0.78,14,1
S01102,H2,2024-01-27,Nurse,0.86,20,3
S01103,H1,2022-04-22,Nurse,0.61,10,7
S01104,H2,2024-04-03,Nurse,0.95,10,2
S01105,H3,2022-07-02,Nurse,0.82,18,4
S01106,H2,2023-02-10,Cleaner,0.95,3,5
S01107,H3,2022-06-25,Clerk,0.57,7,4
S01108,H1,2022-03-12,Nurse,0.51,19,3
S01109,H4,2022-12-21,Physician,0.82,8,3
S01110,H1,2023-09-27,Cleaner,0.92,16,8
S01111,H2,2024-01-25,Physician,0.87,2,6
S01112,H2,2023-12-14,Cleaner,0.78,14,4
S01113,H2,2023-06-27,Physician,0.68,2,10
S01114,H2,2023-01-16,Cleaner,0.8,19,6
S01115,H4,2024-06-21,Clerk,0.57,4,9
S01116,H1,2023-11-30,Clerk,0.53,12,2
S01117,H2,2023-06-30,Nurse,0.57,11,8
S01118,H1,2022-10-23,Clerk,0.71,9,7
S01119,H3,2024-03-18,Nurse,0.75,14,1
S01120,H4,2022-05-12,Physician,0.92,2,0
S01121,H2,2024-11-05,Nurse,0.73,2,5
S01122,H3,2024-11-29,Physician,0.63,3,8
S01123,H3,2022-06-24,Nurse,0.98,6,6
S01124,H1,2023-12-30,Nurse,0.77,12,0
S01125,H4,2022-03-07,Clerk,0.95,0,3
S01126,H2,2024-11-24,Nurse,0.98,7,1
S01127,H2,2024-10-27,Nurse,0.85,19,9
S01128,H4,2023-06-19,Physician,0.79,18,2
S01129,H2,2022-07-04,Clerk,0.76,12,0
S01130,H3,2023-10-20,Physician,0.84,5,0
S01131,H1,2022-10-22,Cleaner,0.81,14,4
S01132,H3,2024-12-25,Cleaner,0.94,15,6
S01133,H1,2022-04-13,Cleaner,0.51,8,9
S01134,H2,2023-04-25,Clerk,0.82,11,10
S01135,H4,2024-10-17,Nurse,0.55,11,8
S01136,H4,2023-06-09,Clerk,0.92,2,8
S01137,H1,2023-08-09,Clerk,0.56,0,2
S01138,H1,2024-08-06,Cleaner,0.96,12,0
S01139,H1,2023-11-24,Physician,0.93,6,3
S01140,H1,2022-02-04,Cleaner,0.81,20,9
S01141,H3,2023-02-28,Physician,0.98,3,0
S01142,H2,2023-09-22,Clerk,0.83,4,10
S01143,H1,2024-10-22,Nurse,0.79,2,4
S01144,H1,2023-03-19,Clerk,0.55,4,0
S01145,H1,2023-01-31,Cleaner,0.51,5,1
S01146,H2,2023-05-01,Cleaner,0.77,7,0
S01147,H3,2024-10-11,Nurse,0.59,3,4
S01148,H1,2023-07-23,Cleaner,0.67,4,2
S01149,H1,2023-07-27,Clerk,0.55,0,1
S01150,H2,2023-01-27,Clerk,0.95,8,10
S01151,H4,2023-07-23,Nurse,0.54,14,6
S01152,H4,2024-07-28,Nurse,0.7,8,0
S01153,H2,2022-02-16,Nurse,0.93,8,9
S01154,H3,2023-02-12,Cleaner,0.65,11,2
S01155,H1,2023-04-04,Cleaner,0.51,7,2
S01156,H4,2024-02-17,Nurse,0.94,13,4
S01157,H1,2024-02-13,Nurse,0.61,1,3
S01158,H3,2024-05-02,Clerk,0.75,8,8
S01159,H2,2023-01-17,Nurse,0.64,19,4
S01160,H1,2023-04-18,Nurse,0.64,20,7
S01161,H1,2023-09-13,Clerk,0.96,2,5
S01162,H1,2022-02-20,Physician,0.74,2,10
S01163,H3,2022-08-11,Physician,0.87,5,8
S01164,H4,2023-12-08,Nurse,0.68,17,10
S01165,H3,2024-01-31,Nurse,0.55,13,9
S01166,H4,2022-01-28,Physician,0.56,14,3
S01167,H1,2024-03-27,Physician,0.74,11,1
S01168,H3,2022-05-14,Clerk,0.54,6,3
S01169,H3,2023-01-15,Nurse,0.75,7,1
S01170,H3,2022-03-14,Cleaner,0.63,2,8
S01171,H4,2022-07-31,Physician,0.92,20,4
S01172,H4,2023-06-24,Cleaner,0.63,8,6
S01173,H4,2022-11-12,Nurse,0.74,7,6
S01174,H4,2022-12-05,Nurse,0.66,19,6
S01175,H2,2024-04-25,Nurse,0.5,15,5
S01176,H3,2023-11-28,Clerk,0.82,12,2
S01177,H2,2022-11-16,Clerk,0.69,8,4
S01178,H3,2024-06-28,Clerk,0.75,11,10
S01179,H2,2024-11-22,Clerk,0.94,5,3
S01180,H1,2022-01-20,Physician,0.73,4,6
S01181,H1,2024-03-08,Nurse,0.99,11,3
S01182,H3,2023-05-27,Physician,0.67,4,1
S01183,H3,2022-03-09,Physician,0.6,17,2
S01184,H2,2023-05-05,Physician,0.76,16,9
S01185,H3,2023-05-07,Cleaner,0.61,17,4
S01186,H2,2022-01-11,Nurse,0.79,1,4
S01187,H4,2024-01-24,Cleaner,0.64,16,3
S01188,H1,2023-01-14,Cleaner,0.55,17,4
S01189,H1,2024-07-23,Physician,0.79,13,3
S01190,H1,2024-07-08,Nurse,0.68,4,3
S01191,H4,2024-08-19,Nurse,0.97,4,2
S01192,H1,2023-08-17,Clerk,0.54,4,4
S01193,H2,2022-11-30,Cleaner,0.7,10,9
S01194,H1,2022-12-22,Physician,0.87,11,6
S01195,H4,2023-05-19,Cleaner,0.67,3,10
S01196,H2,2022-02-01,Cleaner,0.9,10,9
S01197,H4,2024-10-20,Nurse,0.63,20,8
S01198,H4,2022-04-19,Cleaner,0.79,16,3
S01199,H2,2024-02-10,Cleaner,0.72,4,5
S01200,H1,2023-03-25,Physician,0.91,7,1
S01201,H1,2024-04-15,Physician,0.56,0,1
S01202,H2,2024-12-26,Physician,0.88,1,2
S01203,H4,2022-11-01,Cleaner,0.6,0,8
S01204,H1,2022-04-26,Nurse,0.91,4,8
S01205,H4,2022-03-18,Cleaner,0.75,20,10
S01206,H3,2022-03-05,Physician,0.85,3,2
S01207,H1,2024-07-23,Clerk,0.69,10,0
S01208,H1,2024-02-08,Nurse,0.53,19,1
S01209,H2,2024-10-27,Physician,1.0,11,7
S01210,H3,2022-05-30,Physician,1.0,10,5
S01211,H4,2023-06-02,Physician,0.92,9,4
S01212,H3,2022-05-12,Cleaner,0.64,16,1
S01213,H3,2022-05-03,Clerk,0.84,15,5
S01214,H4,2022-06-12,Physician,0.55,20,0
S01215,H3,2022-08-27,Cleaner,0.71,18,1
S01216,H1,2023-03-29,Clerk,0.98,10,2
S01217,H4,2023-12-05,Clerk,0.64,8,3
S01218,H3,2022-07-11,Nurse,0.79,18,8
S01219,H3,2023-01-02,Nurse,0.78,10,0
S01220,H1,2024-01-07,Physician,0.71,7,3
S01221,H4,2022-09-09,Physician,0.54,9,8
S01222,H4,2022-10-01,Clerk,0.61,2,9
S01223,H3,2023-03-18,Physician,0.66,5,7
S01224,H2,2022-11-28,Nurse,0.9,20,7
S01225,H1,2023-05-20,Physician,0.8,1,0
S01226,H4,2023-10-06,Cleaner,0.77,0,8
S01227,H3,2024-11-21,Physician,0.57,1,7
S01228,H1,2024-05-02,Physician,0.67,7,2
S01229,H4,2022-02-21,Clerk,0.68,17,6
S01230,H1,2024-01-29,Cleaner,0.5,3,1
S01231,H2,2024-09-09,Physician,0.5,15,4
S01232,H3,2024-09-01,Physician,0.94,17,4
S01233,H3,2024-09-29,Clerk,0.81,19,3
S01234,H3,2023-07-20,Cleaner,0.8,16,5
S01235,H4,2022-04-15,Nurse,0.96,17,8
S01236,H3,2024-09-23,Clerk,0.72,16,7
S01237,H3,2023-03-04,Physician,0.94,11,8
S01238,H3,2023-12-26,Cleaner,0.51,4,0
S01239,H2,2024-10-14,Nurse,0.81,17,5
S01240,H1,2023-11-27,Cleaner,0.67,1,8
S01241,H1,2024-02-02,Physician,0.83,11,3
S01242,H4,2022-12-11,Nurse,0.98,3,0
S01243,H3,2024-05-31,Cleaner,0.72,8,2
S01244,H1,2023-06-29,Clerk,0.78,11,6
S01245,H3,2024-01-26,Physician,0.56,3,2
S01246,H3,2024-12-02,Clerk,0.68,10,6
S01247,H2,2024-01-18,Physician,0.91,3,3
S01248,H3,2024-08-27,Cleaner,0.63,7,5
S01249,H2,2023-09-06,Clerk,0.65,1,0
S01250,H1,2023-08-25,Physician,0.73,8,6
S01251,H3,2023-06-12,Clerk,0.9,10,3
S01252,H1,2022-06-05,Physician,0.51,19,0
S01253,H3,2023-07-28,Cleaner,0.6,8,5
S01254,H1,2023-08-07,Physician,0.67,4,0
S01255,H1,2022-07-31,Cleaner,0.87,14,7
S01256,H3,2023-08-23,Physician,0.74,20,3
S01257,H4,2022-07-05,Nurse,0.79,5,1
S01258,H4,2024-08-08,Physician,0.89,18,0
S01259,H4,2024-11-16,Cleaner,0.87,1,4
S01260,H4,2023-06-10,Nurse,0.98,1,10
S01261,H1,2023-05-03,Clerk,0.71,10,0
S01262,H3,2023-12-15,Nurse,0.72,2,9
S01263,H1,2023-06-28,Cleaner,0.97,2,10
S01264,H1,2022-12-23,Nurse,0.95,10,3
S01265,H1,2022-11-29,Physician,0.79,5,5
S01266,H3,2023-06-23,Nurse,0.95,11,8
S01267,H1,2023-07-29,Cleaner,0.95,3,0
S01268,H4,2022-02-18,Clerk,0.61,13,4
S01269,H4,2022-05-22,Physician,0.91,13,6
S01270,H3,2023-07-04,Nurse,0.5,14,4
S01271,H4,2023-03-07,Nurse,0.95,7,9
S01272,H4,2024-11-17,Physician,0.76,13,3
S01273,H2,2022-05-08,Physician,0.95,8,5
S01274,H4,2024-12-24,Physician,0.59,8,3
S01275,H3,2022-03-12,Physician,0.61,14,4
S01276,H4,2022-08-28,Clerk,0.99,3,6
S01277,H1,2023-11-22,Nurse,0.81,5,9
S01278,H4,2023-02-07,Clerk,0.53,19,9
S01279,H4,2022-07-01,Clerk,0.95,9,8
S01280,H4,2024-04-30,Physician,0.93,0,6
S01281,H1,2024-03-08,Nurse,0.68,9,8
S01282,H2,2022-07-30,Nurse,0.9,9,2
S01283,H3,2022-01-07,Clerk,0.64,16,8
S01284,H1,2023-06-17,Cleaner,0.54,0,7
S01285,H1,2024-04-18,Clerk,0.82,5,10
S01286,H2,2022-06-30,Nurse,0.63,19,9
S01287,H4,2023-04-06,Nurse,0.55,15,6
S01288,H3,2022-11-06,Physician,0.69,20,4
S01289,H4,2022-06-28,Cleaner,0.55,9,7
S01290,H3,2023-02-02,Physician,0.62,7,5
S01291,H1,2024-11-23,Clerk,0.84,4,0
S01292,H2,2022-11-26,Nurse,0.75,17,2
S01293,H2,2023-02-27,Cleaner,1.0,8,3
S01294,H4,2024-06-07,Nurse,0.73,5,2
S01295,H4,2022-04-05,Nurse,0.65,10,8
S01296,H1,2024-11-09,Clerk,0.8,13,5
S01297,H3,2023-07-13,Clerk,0.75,9,1
S01298,H2,2024-10-20,Cleaner,0.58,7,10
S01299,H4,2023-03-19,Cleaner,1.0,18,0
S01300,H2,2024-05-27,Clerk,0.98,2,2
S01301,H4,2022-12-10,Physician,0.97,17,7
S01302,H3,2022-12-05,Cleaner,0.63,13,7
S01303,H3,2022-10-03,Cleaner,0.61,7,5
S01304,H2,2023-09-07,Cleaner,0.53,19,3
S01305,H1,2022-09-20,Nurse,0.5,9,3
S01306,H3,2022-08-06,Nurse,0.77,15,5
S01307,H3,2023-05-29,Nurse,0.97,18,1
S01308,H2,2022-01-23,Nurse,0.51,6,1
S01309,H1,2023-09-16,Cleaner,0.91,18,3
S01310,H2,2022-04-25,Nurse,0.72,5,0
S01311,H4,2023-03-21,Physician,0.64,15,0
S01312,H2,2024-09-16,Cleaner,0.83,3,6
S01313,H2,2023-04-11,Clerk,0.63,6,7
S01314,H1,2024-10-08,Nurse,0.61,13,3
S01315,H4,2023-12-21,Clerk,0.67,1,4
S01316,H2,2023-06-08,Cleaner,0.8,2,0
S01317,H2,2022-01-05,Nurse,0.92,8,8
S01318,H4,2024-12-04,Cleaner,0.56,2,8
S01319,H3,2024-05-19,Clerk,0.75,6,6
S01320,H2,2024-04-04,Cleaner,0.93,18,8
S01321,H1,2024-03-13,Nurse,0.86,13,9
S01322,H3,2024-08-20,Physician,0.86,10,0
S01323,H3,2024-11-04,Cleaner,0.67,13,6
S01324,H1,2022-03-29,Physician,0.79,7,9
S01325,H4,2022-05-20,Cleaner,0.57,2,8
S01326,H3,2022-04-12,Nurse,0.73,1,10
S01327,H2,2023-06-03,Physician,0.7,12,1
S01328,H2,2024-10-02,Cleaner,0.72,14,8
S01329,H3,2023-03-09,Cleaner,0.56,1,6
S01330,H2,2022-04-08,Cleaner,0.71,3,10
S01331,H2,2023-12-29,Nurse,0.59,20,9
S01332,H2,2024-11-02,Cleaner,0.68,6,2
S01333,H3,2022-09-07,Nurse,0.55,17,1
S01334,H4,2022-12-12,Clerk,0.59,0,6
S01335,H4,2023-08-17,Nurse,0.71,1,0
S01336,H1,2023-09-10,Physician,0.85,1,8
S01337,H4,2024-03-28,Clerk,0.71,13,6
S01338,H2,2024-05-17,Cleaner,0.59,12,1
S01339,H2,2022-03-15,Nurse,0.85,7,0
S01340,H2,2024-05-26,Nurse,0.64,15,0
S01341,H4,2023-09-20,Clerk,0.51,4,3
S01342,H2,2023-03-09,Physician,0.63,18,8
S01343,H1,2023-02-10,Cleaner,0.86,2,3
S01344,H1,2023-07-18,Cleaner,0.52,5,2
S01345,H2,2024-06-13,Nurse,0.58,17,5
S01346,H2,2023-12-24,Physician,0.78,18,6
S01347,H2,2024-05-09,Clerk,0.63,4,0
S01348,H3,2023-01-23,Nurse,0.51,1,8
S01349,H2,2024-12-25,Nurse,0.53,19,8
S01350,H3,2024-03-29,Cleaner,0.54,0,7
S01351,H3,2022-12-29,Cleaner,0.8,12,6
S01352,H1,2023-04-16,Physician,0.86,5,4
S01353,H2,2024-07-23,Cleaner,0.69,4,9
S01354,H2,2022-12-22,Physician,0.8,13,0
S01355,H3,2022-09-09,Physician,0.52,1,5
S01356,H1,2022-12-06,Clerk,0.9,0,2
S01357,H2,2023-09-05,Clerk,0.89,4,2
S01358,H4,2022-05-27,Nurse,0.52,18,3
S01359,H2,2024-02-11,Nurse,0.54,0,9
S01360,H1,2022-02-08,Clerk,0.74,15,0
S01361,H4,2023-12-13,Nurse,0.72,9,8
S01362,H4,2024-11-13,Nurse,1.0,15,5
S01363,H3,2023-12-18,Physician,0.5,8,4
S01364,H3,2024-08-13,Cleaner,0.85,10,4
S01365,H4,2024-01-18,Nurse,0.97,0,4
S01366,H3,2022-01-03,Physician,0.56,12,9
S01367,H1,2023-07-17,Cleaner,0.67,19,7
S01368,H1,2022-07-30,Cleaner,0.59,13,5
S01369,H4,2024-08-29,Clerk,0.58,11,9
S01370,H4,2023-10-22,Physician,0.73,3,2
S01371,H1,2023-05-15,Physician,0.91,7,10
S01372,H3,2022-10-16,Physician,0.64,12,2
S01373,H1,2024-01-30,Cleaner,0.88,15,0
S01374,H1,2024-09-20,Physician,0.94,3,1
S01375,H4,2023-03-21,Clerk,1.0,17,5
S01376,H4,2022-05-14,Physician,0.83,5,4
S01377,H3,2023-09-09,Physician,0.78,6,1
S01378,H4,2023-08-15,Nurse,0.88,0,0
S01379,H4,2024-03-22,Cleaner,0.92,4,2
S01380,H4,2023-12-25,Physician,0.88,9,9
S01381,H3,2022-01-05,Physician,0.87,18,4
S01382,H2,2022-12-14,Clerk,0.54,7,7
S01383,H4,2023-05-23,Physician,0.76,2,5
S01384,H2,2024-08-06,Clerk,0.9,5,2
S01385,H3,2024-08-26,Physician,0.57,1,4
S01386,H2,2022-09-09,Nurse,0.74,7,10
S01387,H1,2024-08-14,Cleaner,0.83,18,0
S01388,H2,2024-12-05,Nurse,0.72,4,4
S01389,H2,2022-07-19,Physician,0.98,12,8
S01390,H1,2024-02-12,Physician,0.87,9,6
S01391,H2,2024-08-16,Clerk,0.72,7,8
S01392,H3,2022-06-06,Nurse,0.55,19,8
S01393,H1,2023-03-29,Nurse,0.97,12,3
S01394,H3,2023-01-21,Clerk,0.55,4,7
S01395,H3,2024-09-13,Clerk,0.93,13,2
S01396,H4,2024-12-05,Physician,0.51,8,8
S01397,H1,2022-05-09,Cleaner,0.94,0,4
S01398,H4,2023-02-05,Physician,0.82,11,7
S01399,H3,2023-07-16,Clerk,0.56,11,2
S01400,H2,2023-10-30,Physician,0.79,13,8
S01401,H4,2024-08-02,Clerk,0.59,3,6
S01402,H4,2023-11-09,Clerk,0.77,19,1
S01403,H4,2022-08-18,Nurse,0.93,19,1
S01404,H4,2023-02-18,Physician,0.58,5,3
S01405,H3,2022-03-07,Clerk,0.59,10,3
S01406,H3,2022-10-04,Nurse,0.98,14,5
S01407,H2,2023-11-18,Cleaner,0.52,17,8
S01408,H1,2024-05-09,Cleaner,0.66,10,4
S01409,H3,2024-06-30,Cleaner,0.6,8,5
S01410,H4,2023-10-15,Clerk,0.61,12,3
S01411,H2,2024-07-02,Cleaner,0.91,1,4
S01412,H4,2024-10-29,Clerk,0.51,5,10
S01413,H2,2023-09-18,Cleaner,0.62,8,1
S01414,H2,2024-02-05,Nurse,0.56,2,0
S01415,H4,2023-08-22,Cleaner,0.96,11,6
S01416,H4,2023-07-03,Nurse,0.52,14,8
S01417,H3,2022-02-27,Clerk,0.86,7,9
S01418,H3,2024-09-19,Nurse,0.94,9,4
S01419,H2,2022-04-29,Physician,0.9,20,8
S01420,H2,2024-04-22,Cleaner,0.72,4,0
S01421,H1,2023-12-23,Nurse,0.57,6,5
S01422,H3,2022-11-09,Clerk,0.68,10,10
S01423,H3,2023-05-20,Physician,0.71,14,4
S01424,H2,2024-11-21,Cleaner,0.68,17,0
S01425,H2,2023-07-15,Cleaner,0.52,12,0
S01426,H4,2023-02-26,Cleaner,0.99,4,7
S01427,H1,2023-04-29,Nurse,0.62,9,6
S01428,H2,2022-03-28,Cleaner,0.68,12,10
S01429,H3,2023-12-18,Cleaner,0.5,7,8
S01430,H2,2022-08-02,Clerk,0.75,10,2
S01431,H1,2022-10-04,Cleaner,0.89,18,1
S01432,H2,2022-03-17,Clerk,0.76,2,8
S01433,H4,2023-05-13,Cleaner,0.95,9,1
S01434,H4,2022-01-11,Clerk,0.59,17,8
S01435,H1,2023-07-01,Nurse,0.6,2,6
S01436,H2,2023-10-30,Clerk,0.93,14,4
S01437,H2,2023-04-24,Physician,0.88,10,8
S01438,H1,2024-07-24,Nurse,0.81,16,5
S01439,H1,2024-08-05,Nurse,0.86,6,9
S01440,H1,2022-03-19,Physician,0.8,12,9
S01441,H3,2022-06-09,Clerk,0.86,4,3
S01442,H3,2023-06-16,Clerk,0.67,7,7
S01443,H2,2022-09-14,Clerk,0.94,7,9
S01444,H1,2024-05-05,Nurse,0.9,10,4
S01445,H3,2022-01-26,Clerk,0.57,11,7
S01446,H3,2022-12-23,Cleaner,0.64,2,1
S01447,H2,2022-06-01,Physician,0.76,5,1
S01448,H4,2024-04-25,Clerk,0.79,12,8
S01449,H1,2022-06-17,Physician,0.98,12,9
S01450,H2,2022-02-08,Cleaner,0.68,9,2
S01451,H1,2022-02-05,Nurse,0.82,6,10
S01452,H2,2023-05-21,Physician,0.64,8,6
S01453,H1,2024-10-21,Nurse,0.99,12,8
S01454,H3,2022-02-17,Physician,0.66,17,7
S01455,H3,2024-04-22,Nurse,0.66,19,1
S01456,H4,2022-11-10,Physician,0.98,6,9
S01457,H1,2024-04-10,Physician,0.64,10,7
S01458,H4,2024-04-17,Physician,0.63,4,2
S01459,H1,2023-06-10,Clerk,0.96,2,5
S01460,H1,2023-11-22,Physician,0.94,1,9
S01461,H2,2022-05-07,Clerk,0.93,4,2
S01462,H3,2022-06-13,Nurse,0.66,7,5
S01463,H2,2023-11-26,Clerk,0.52,17,2
S01464,H4,2024-09-04,Cleaner,0.98,5,8
S01465,H3,2024-04-11,Clerk,0.93,19,2
S01466,H3,2022-10-18,Clerk,0.66,7,4
S01467,H2,2023-05-09,Cleaner,0.9,12,8
S01468,H4,2024-08-31,Clerk,0.95,9,10
S01469,H3,2023-11-12,Cleaner,0.99,16,2
S01470,H4,2023-02-09,Nurse,0.68,0,1
S01471,H3,2022-08-27,Cleaner,0.57,18,6
S01472,H2,2023-07-28,Cleaner,0.82,12,4
S01473,H2,2022-01-15,Clerk,0.88,17,3
S01474,H4,2022-08-04,Clerk,0.94,14,3
S01475,H3,2024-03-18,Nurse,0.62,3,2
S01476,H2,2022-08-25,Nurse,0.56,16,9
S01477,H3,2024-02-04,Physician,0.61,14,5
S01478,H3,2024-09-07,Physician,0.75,12,10
S01479,H4,2023-09-25,Nurse,0.97,3,6
S01480,H4,2024-09-15,Clerk,0.57,12,0
S01481,H4,2023-05-05,Physician,0.78,12,9
S01482,H3,2022-01-31,Nurse,0.62,8,0
S01483,H1,2024-06-01,Nurse,0.7,4,6
S01484,H2,2023-10-21,Nurse,0.63,20,1
S01485,H3,2022-11-24,Clerk,0.62,16,9
S01486,H4,2022-12-25,Clerk,0.62,0,0
S01487,H4,2022-05-25,Cleaner,0.6,1,3
S01488,H2,2023-10-31,Nurse,0.94,13,5
S01489,H3,2022-09-06,Cleaner,0.89,6,3
S01490,H4,2023-05-21,Clerk,0.94,11,5
S01491,H2,2022-11-12,Clerk,0.78,20,8
S01492,H4,2022-08-14,Physician,0.65,17,4
S01493,H3,2023-11-28,Cleaner,0.73,5,0
S01494,H4,2022-02-03,Nurse,0.82,19,2
S01495,H3,2024-10-05,Nurse,0.56,10,8
S01496,H1,2024-11-20,Nurse,0.58,9,3
S01497,H4,2023-06-09,Clerk,0.84,15,1
S01498,H3,2024-05-02,Clerk,0.63,6,5
S01499,H1,2022-06-16,Nurse,0.7,3,4
S01500,H2,2024-07-25,Clerk,0.96,15,8
S01501,H2,2022-09-20,Nurse,0.8,2,0
S01502,H3,2022-08-13,Physician,0.95,5,7
S01503,H3,2023-07-19,Clerk,0.58,19,0
S01504,H1,2023-07-18,Clerk,0.79,7,5
S01505,H3,2024-09-05,Clerk,0.56,18,0
S01506,H2,2023-05-25,Nurse,0.53,1,0
S01507,H3,2022-01-25,Physician,0.8,4,6
S01508,H1,2024-05-14,Cleaner,0.56,6,2
S01509,H4,2023-06-18,Clerk,0.59,13,1
S01510,H3,2024-03-03,Cleaner,0.87,12,5
S01511,H4,2022-11-15,Physician,0.92,8,5
S01512,H4,2022-11-02,Nurse,0.73,13,1
S01513,H4,2022-09-04,Nurse,0.79,12,6
S01514,H3,2022-07-07,Clerk,0.55,17,4
S01515,H2,2023-12-18,Physician,0.94,15,10
S01516,H4,2022-04-15,Cleaner,0.82,11,8
S01517,H2,2023-03-22,Nurse,0.92,16,3
S01518,H2,2024-08-26,Physician,0.58,17,8
S01519,H2,2022-11-08,Clerk,0.83,15,8
S01520,H1,2022-06-09,Physician,0.94,9,3
S01521,H1,2023-06-12,Clerk,0.85,9,10
S01522,H3,2022-07-23,Clerk,0.96,14,8
S01523,H3,2022-04-19,Nurse,0.66,10,9
S01524,H4,2024-05-30,Cleaner,0.86,11,4
S01525,H1,2024-12-16,Cleaner,0.54,1,0
S01526,H4,2024-03-12,Cleaner,0.54,6,1
S01527,H1,2022-05-01,Clerk,0.65,10,0
S01528,H3,2022-05-14,Physician,1.0,16,0
S01529,H3,2023-10-12,Nurse,0.52,18,1
S01530,H3,2024-05-16,Physician,0.71,13,9
S01531,H1,2022-09-18,Clerk,0.97,12,6
S01532,H2,2024-08-16,Cleaner,0.75,2,8
S01533,H3,2023-02-21,Clerk,0.55,13,0
S01534,H2,2024-11-04,Nurse,0.98,13,2
S01535,H4,2024-08-22,Nurse,0.64,4,6
S01536,H1,2024-02-02,Physician,0.99,2,10
S01537,H1,2024-01-27,Cleaner,0.7,8,0
S01538,H3,2022-11-26,Physician,0.91,17,2
S01539,H1,2024-02-05,Physician,0.95,18,3
S01540,H1,2024-03-07,Physician,0.91,0,7
S01541,H1,2022-04-27,Cleaner,0.7,8,10
S01542,H1,2024-12-25,Cleaner,0.9,12,9
S01543,H2,2022-07-25,Nurse,0.96,3,10
S01544,H3,2023-11-19,Cleaner,0.63,3,1
S01545,H2,2022-01-19,Clerk,0.81,8,8
S01546,H4,2024-08-14,Clerk,0.51,17,5
S01547,H3,2023-06-29,Cleaner,0.54,16,1
S01548,H4,2022-08-02,Cleaner,0.85,7,1
S01549,H4,2024-09-11,Nurse,0.56,15,0
S01550,H3,2023-04-19,Nurse,0.98,0,7
S01551,H3,2023-02-02,Physician,0.78,19,3
S01552,H2,2024-02-21,Clerk,0.76,16,0
S01553,H1,2023-10-25,Physician,0.62,15,10
S01554,H4,2022-04-09,Cleaner,0.72,4,4
S01555,H1,2024-10-05,Clerk,0.79,15,5
S01556,H4,2022-08-02,Cleaner,0.72,5,8
S01557,H1,2023-02-21,Cleaner,0.78,6,10
S01558,H3,2023-07-27,Nurse,0.83,0,1
S01559,H1,2024-09-01,Cleaner,0.81,4,1
S01560,H1,2024-11-22,Clerk,0.67,9,3
S01561,H2,2022-05-19,Clerk,0.93,5,3
S01562,H4,2022-12-29,Nurse,0.52,17,9
S01563,H3,2024-12-08,Physician,0.66,18,3
S01564,H1,2022-04-08,Cleaner,0.51,17,7
S01565,H3,2022-01-26,Cleaner,0.72,15,1
S01566,H2,2022-01-17,Clerk,0.6,15,4
S01567,H4,2023-10-04,Physician,0.76,15,10
S01568,H4,2022-09-07,Physician,0.83,3,6
S01569,H2,2023-12-30,Cleaner,0.68,11,4
S01570,H2,2024-10-14,Physician,1.0,13,2
S01571,H1,2024-07-23,Clerk,0.99,1,2
S01572,H4,2022-07-10,Physician,0.59,17,8
S01573,H3,2024-08-06,Cleaner,0.82,13,3
S01574,H3,2023-03-27,Nurse,0.58,2,3
S01575,H3,2023-10-03,Nurse,0.99,8,10
S01576,H3,2022-04-28,Clerk,0.59,4,8
S01577,H2,2022-11-29,Cleaner,0.59,6,6
S01578,H3,2023-06-15,Cleaner,0.77,16,2
S01579,H2,2024-09-17,Cleaner,0.83,7,5
S01580,H4,2023-06-22,Nurse,0.87,9,10
S01581,H4,2023-10-31,Nurse,0.85,8,10
S01582,H3,2024-10-30,Clerk,0.97,5,6
S01583,H4,2022-05-28,Cleaner,0.91,13,0
S01584,H2,2024-02-02,Clerk,0.53,17,1
S01585,H2,2022-10-04,Clerk,0.78,15,0
S01586,H1,2024-12-20,Physician,1.0,16,10
S01587,H2,2023-02-14,Cleaner,0.91,20,1
S01588,H4,2023-04-24,Nurse,0.98,10,4
S01589,H1,2023-07-09,Clerk,0.87,9,8
S01590,H1,2022-09-08,Cleaner,0.62,9,7
S01591,H4,2022-06-25,Nurse,0.86,20,3
S01592,H4,2023-03-22,Cleaner,0.99,4,9
S01593,H3,2023-02-20,Nurse,0.86,7,5
S01594,H3,2023-08-31,Nurse,0.96,14,10
S01595,H3,2024-07-12,Cleaner,0.65,5,2
S01596,H2,2023-04-30,Cleaner,0.77,15,7
S01597,H3,2022-04-05,Nurse,0.68,2,2
S01598,H2,2022-01-22,Clerk,0.78,7,1
S01599,H3,2024-10-11,Clerk,0.54,8,5
S01600,H1,2023-06-09,Cleaner,0.98,17,0
S01601,H4,2023-03-10,Clerk,0.54,8,6
S01602,H4,2022-12-20,Nurse,0.94,14,5
S01603,H2,2024-05-25,Cleaner,0.55,9,8
S01604,H1,2022-10-22,Cleaner,0.98,9,6
S01605,H4,2023-05-10,Cleaner,0.53,9,9
S01606,H3,2024-05-12,Nurse,0.78,12,2
S01607,H1,2024-02-02,Physician,0.91,3,10
S01608,H1,2023-12-16,Clerk,0.78,18,0
S01609,H1,2024-12-09,Physician,0.51,11,1
S01610,H2,2024-05-17,Physician,0.76,11,9
S01611,H1,2022-11-16,Clerk,0.54,15,10
S01612,H4,2023-11-15,Nurse,0.68,18,6
S01613,H3,2022-01-22,Cleaner,0.69,10,8
S01614,H1,2023-02-19,Cleaner,0.51,1,0
S01615,H1,2024-12-01,Cleaner,0.72,19,1
S01616,H4,2024-05-23,Cleaner,0.95,13,0
S01617,H3,2022-09-08,Clerk,0.87,20,10
S01618,H1,2022-04-30,Nurse,0.85,14,0
S01619,H1,2024-02-20,Physician,0.76,12,5
S01620,H3,2024-05-03,Cleaner,0.92,16,8
S01621,H1,2022-09-03,Nurse,0.86,2,4
S01622,H4,2023-11-18,Cleaner,0.84,13,0
S01623,H4,2022-11-24,Physician,0.58,14,10
S01624,H2,2022-05-20,Nurse,0.5,18,1
S01625,H1,2024-01-25,Cleaner,0.77,14,9
S01626,H2,2022-03-11,Physician,0.86,17,6
S01627,H4,2022-04-29,Clerk,0.81,18,6
S01628,H3,2023-11-08,Nurse,0.57,7,1
S01629,H4,2024-04-06,Physician,0.72,18,8
S01630,H1,2024-11-21,Physician,0.51,20,6
S01631,H3,2024-08-09,Physician,0.67,13,0
S01632,H3,2023-12-02,Clerk,0.65,2,1
S01633,H1,2024-07-08,Nurse,0.84,17,1
S01634,H2,2023-11-25,Cleaner,0.85,20,7
S01635,H4,2022-08-19,Nurse,0.83,13,9
S01636,H2,2024-11-21,Nurse,0.73,20,6
S01637,H3,2022-08-12,Cleaner,0.9,5,7
S01638,H2,2024-11-30,Nurse,0.8,16,9
S01639,H1,2022-02-24,Physician,0.77,14,6
S01640,H1,2022-09-07,Physician,0.56,16,6
S01641,H3,2023-07-12,Physician,0.7,19,6
S01642,H3,2022-10-05,Nurse,0.56,6,4
S01643,H1,2023-08-07,Physician,0.83,1,1
S01644,H4,2023-01-26,Physician,0.75,19,5
S01645,H3,2022-07-09,Nurse,0.55,14,9
S01646,H2,2023-07-06,Clerk,0.64,16,6
S01647,H4,2024-09-18,Physician,0.78,11,6
S01648,H3,2022-04-21,Clerk,0.84,20,5
S01649,H1,2023-03-20,Clerk,0.58,17,4
S01650,H4,2023-08-30,Physician,0.54,3,2
S01651,H1,2022-01-21,Cleaner,0.65,14,6
S01652,H3,2023-02-16,Cleaner,0.56,7,6
S01653,H3,2024-06-13,Cleaner,0.86,5,2
S01654,H4,2023-12-21,Cleaner,0.76,10,5
S01655,H3,2023-12-26,Clerk,0.68,4,8
S01656,H4,2022-10-30,Physician,0.74,13,10
S01657,H1,2022-05-27,Clerk,0.72,19,8
S01658,H1,2024-11-17,Cleaner,0.79,6,4
S01659,H1,2024-10-05,Clerk,0.84,5,3
S01660,H1,2023-09-28,Cleaner,0.5,10,1
S01661,H1,2024-10-01,Nurse,0.51,14,8
S01662,H4,2024-12-16,Physician,0.71,8,5
S01663,H2,2023-09-07,Physician,0.73,3,6
S01664,H1,2024-11-08,Clerk,0.58,10,7
S01665,H1,2024-05-06,Physician,0.85,1,7
S01666,H4,2023-06-10,Clerk,0.6,13,10
S01667,H3,2024-09-06,Clerk,0.61,7,3
S01668,H4,2024-09-24,Cleaner,0.82,0,0
S01669,H2,2022-11-22,Clerk,0.74,4,0
S01670,H3,2023-09-07,Nurse,0.9,14,8
S01671,H2,2024-02-10,Clerk,0.73,5,1
S01672,H1,2024-04-02,Cleaner,0.57,11,10
S01673,H3,2024-05-24,Nurse,0.6,10,3
S01674,H2,2022-01-18,Cleaner,0.88,10,1
S01675,H1,2024-01-02,Cleaner,0.75,6,7
S01676,H3,2023-07-04,Nurse,0.93,9,0
S01677,H3,2023-04-25,Cleaner,0.7,2,2
S01678,H1,2022-05-24,Cleaner,0.75,5,1
S01679,H1,2024-05-20,Clerk,0.84,12,1
S01680,H3,2024-10-03,Physician,0.84,9,6
S01681,H1,2022-10-02,Nurse,0.77,11,7
S01682,H3,2024-06-01,Nurse,0.58,16,4
S01683,H4,2022-10-19,Physician,0.84,11,9
S01684,H2,2022-10-01,Clerk,0.5,4,2
S01685,H4,2023-01-22,Cleaner,0.56,20,8
S01686,H3,2023-03-26,Cleaner,0.83,15,1
S01687,H4,2024-02-22,Cleaner,0.93,11,9
S01688,H3,2022-07-17,Nurse,0.86,0,6
S01689,H3,2024-07-28,Clerk,0.76,9,8
S01690,H4,2024-05-24,Cleaner,0.58,12,8
S01691,H2,2022-09-07,Physician,0.71,9,0
S01692,H4,2024-02-27,Clerk,0.8,3,4
S01693,H1,2023-03-28,Physician,0.89,14,6
S01694,H2,2023-05-13,Clerk,0.92,10,3
S01695,H1,2022-07-21,Nurse,0.9,1,0
S01696,H2,2022-03-21,Cleaner,0.64,18,5
S01697,H1,2023-06-09,Cleaner,0.66,10,0
S01698,H2,2023-08-04,Nurse,0.77,0,7
S01699,H3,2023-02-22,Nurse,0.84,3,3
S01700,H3,2024-03-24,Nurse,0.66,5,6
S01701,H2,2022-10-09,Physician,0.6,16,8
S01702,H3,2023-04-23,Cleaner,0.52,18,4
S01703,H1,2022-12-25,Nurse,0.7,13,2
S01704,H2,2022-01-29,Physician,0.58,7,5
S01705,H3,2024-09-30,Nurse,0.66,12,0
S01706,H3,2024-09-22,Cleaner,0.95,3,2
S01707,H2,2022-12-27,Physician,0.78,8,5
S01708,H4,2023-07-21,Clerk,0.79,7,6
S01709,H2,2023-12-20,Cleaner,0.67,16,0
S01710,H2,2022-05-05,Nurse,0.97,9,0
S01711,H1,2022-11-05,Cleaner,0.55,1,3
S01712,H4,2024-07-28,Clerk,0.57,6,4
S01713,H4,2023-05-01,Cleaner,0.99,5,4
S01714,H1,2024-12-30,Clerk,0.64,0,2
S01715,H2,2023-11-19,Nurse,0.68,5,2
S01716,H2,2022-10-01,Cleaner,0.96,16,8
S01717,H3,2022-07-02,Cleaner,0.54,8,5
S01718,H4,2023-07-03,Nurse,0.65,7,2
S01719,H4,2024-11-14,Nurse,0.71,3,8
S01720,H3,2022-09-08,Cleaner,0.99,14,0
S01721,H1,2023-07-14,Clerk,0.79,3,8
S01722,H2,2024-09-18,Cleaner,0.77,0,3
S01723,H4,2024-05-24,Nurse,0.87,19,1
S01724,H1,2022-01-09,Clerk,0.7,7,10
S01725,H1,2022-10-15,Cleaner,0.76,11,0
S01726,H4,2022-05-12,Physician,0.64,3,1
S01727,H2,2024-05-01,Physician,0.74,17,0
S01728,H3,2023-10-16,Physician,0.88,10,0
S01729,H2,2024-07-29,Nurse,0.92,1,6
S01730,H2,2022-05-20,Nurse,0.63,18,8
S01731,H1,2022-05-04,Nurse,0.68,7,0
S01732,H3,2024-03-10,Cleaner,0.93,2,6
S01733,H2,2024-06-12,Clerk,0.9,13,7
S01734,H2,2024-12-11,Cleaner,0.78,9,10
S01735,H3,2024-03-26,Nurse,0.69,3,5
S01736,H2,2022-08-22,Physician,0.97,2,9
S01737,H3,2022-11-30,Cleaner,0.57,7,5
S01738,H2,2022-12-11,Clerk,0.63,17,9
S01739,H1,2023-05-15,Physician,0.97,13,8
S01740,H3,2022-08-10,Cleaner,0.77,8,7
S01741,H2,2022-09-06,Clerk,0.84,17,5
S01742,H4,2023-05-17,Nurse,0.52,5,2
S01743,H1,2023-12-10,Physician,0.65,11,6
S01744,H3,2022-03-12,Physician,0.53,4,8
S01745,H1,2024-03-19,Nurse,0.58,3,2
S01746,H1,2023-05-06,Clerk,0.53,6,2
S01747,H1,2022-10-30,Cleaner,0.7,6,0
S01748,H4,2024-11-25,Clerk,0.95,10,0
S01749,H1,2022-09-09,Nurse,0.73,9,8
S01750,H3,2023-06-06,Nurse,0.56,10,9
S01751,H4,2024-07-26,Clerk,0.96,2,2
S01752,H3,2024-11-01,Nurse,0.59,0,0
S01753,H1,2022-10-14,Nurse,0.6,19,3
S01754,H1,2023-12-19,Cleaner,0.53,8,6
S01755,H1,2022-09-29,Cleaner,0.93,14,0
S01756,H4,2022-04-24,Nurse,0.55,8,10
S01757,H3,2023-08-21,Physician,0.71,9,10
S01758,H4,2022-08-16,Nurse,0.81,0,0
S01759,H3,2022-10-08,Physician,0.64,2,3
S01760,H1,2023-05-05,Clerk,0.6,15,1
S01761,H4,2022-01-30,Physician,0.52,3,6
S01762,H1,2023-01-27,Cleaner,0.93,10,9
S01763,H2,2022-07-19,Cleaner,0.87,15,6
S01764,H1,2023-11-27,Clerk,0.82,5,9
S01765,H1,2024-09-10,Cleaner,0.51,16,7
S01766,H3,2022-10-19,Physician,0.98,1,2
S01767,H2,2022-12-05,Nurse,0.75,19,0
S01768,H2,2023-11-01,Physician,0.97,10,8
S01769,H3,2022-04-25,Physician,0.97,8,1
S01770,H4,2024-05-18,Cleaner,0.7,12,10
S01771,H2,2024-11-03,Nurse,0.62,6,2
S01772,H3,2024-01-25,Physician,0.58,13,3
S01773,H3,2023-09-21,Physician,0.94,1,7
S01774,H2,2022-12-15,Cleaner,0.93,13,0
S01775,H1,2023-04-13,Cleaner,0.71,12,5
S01776,H1,2023-12-03,Physician,0.51,1,1
S01777,H1,2023-08-09,Nurse,0.97,0,3
S01778,H3,2024-11-08,Cleaner,0.69,7,4
S01779,H1,2024-12-22,Physician,0.92,13,8
S01780,H3,2023-12-03,Physician,0.95,9,6
S01781,H1,2024-02-26,Cleaner,0.97,17,4
S01782,H1,2022-08-07,Nurse,0.76,0,8
S01783,H3,2023-12-01,Physician,0.59,7,5
S01784,H1,2023-06-29,Physician,0.81,3,2
S01785,H4,2024-06-05,Nurse,0.7,5,7
S01786,H3,2023-09-04,Clerk,0.52,19,7
S01787,H2,2024-04-29,Clerk,0.74,1,4
S01788,H3,2024-02-15,Nurse,0.92,10,2
S01789,H1,2022-09-26,Cleaner,0.94,3,9
S01790,H1,2022-08-21,Clerk,0.71,20,2
S01791,H2,2022-08-09,Physician,0.78,14,9
S01792,H4,2023-02-20,Cleaner,0.71,16,5
S01793,H3,2022-01-06,Nurse,0.62,17,6
S01794,H2,2022-08-17,Physician,0.84,11,8
S01795,H1,2024-04-29,Clerk,0.57,14,3
S01796,H1,2024-11-14,Clerk,0.74,18,0
S01797,H3,2024-10-20,Clerk,0.62,11,2
S01798,H1,2024-10-16,Physician,0.6,20,4
S01799,H3,2022-12-12,Physician,0.62,3,2
S01800,H2,2024-01-21,Nurse,0.79,8,7
S01801,H3,2023-07-19,Cleaner,0.97,2,4
S01802,H2,2024-09-21,Cleaner,0.83,14,9
S01803,H3,2024-12-04,Clerk,0.83,20,5
S01804,H2,2022-07-10,Nurse,0.7,4,1
S01805,H1,2023-08-12,Nurse,0.82,5,1
S01806,H1,2024-06-24,Clerk,0.68,8,0
S01807,H2,2022-02-12,Clerk,0.98,4,4
S01808,H1,2024-05-07,Cleaner,0.77,11,8
S01809,H4,2023-11-24,Nurse,0.74,15,5
S01810,H3,2022-07-19,Nurse,0.62,10,4
S01811,H2,2022-03-10,Physician,0.9,1,10
S01812,H2,2024-12-10,Cleaner,0.96,20,6
S01813,H2,2022-01-08,Physician,0.82,0,4
S01814,H1,2023-06-19,Clerk,0.85,16,3
S01815,H2,2023-03-13,Cleaner,0.7,13,8
S01816,H1,2023-04-12,Physician,0.52,15,10
S01817,H2,2022-02-15,Cleaner,0.91,20,8
S01818,H2,2024-10-01,Nurse,0.95,16,7
S01819,H2,2024-02-19,Cleaner,0.62,8,10
S01820,H4,2023-02-09,Cleaner,0.61,2,8
S01821,H1,2023-03-18,Physician,0.79,4,0
S01822,H1,2024-05-15,Clerk,0.62,1,5
S01823,H1,2023-08-24,Nurse,0.63,14,6
S01824,H3,2023-03-18,Clerk,0.53,19,0
S01825,H3,2024-04-05,Nurse,0.59,1,1
S01826,H3,2022-09-23,Cleaner,0.79,18,9
S01827,H1,2024-01-08,Physician,0.79,18,8
S01828,H3,2023-07-15,Nurse,0.94,4,5
S01829,H1,2024-04-15,Clerk,0.7,1,7
S01830,H2,2023-05-07,Cleaner,0.52,19,0
S01831,H1,2022-06-17,Physician,0.58,19,6
S01832,H3,2023-09-06,Physician,0.59,11,1
S01833,H1,2024-10-12,Cleaner,0.64,7,6
S01834,H1,2024-01-07,Cleaner,0.98,6,7
S01835,H2,2022-02-07,Nurse,0.91,4,5
S01836,H4,2022-12-14,Cleaner,0.54,19,7
S01837,H4,2022-03-17,Nurse,0.89,1,4
S01838,H3,2022-08-20,Clerk,0.87,3,5
S01839,H1,2024-10-09,Cleaner,0.95,19,0
S01840,H2,2024-02-04,Cleaner,0.84,18,3
S01841,H4,2023-03-12,Clerk,0.5,3,3
S01842,H1,2022-11-12,Cleaner,0.81,9,2
S01843,H4,2023-11-02,Physician,0.77,14,2
S01844,H1,2024-05-05,Nurse,0.68,13,8
S01845,H1,2022-12-19,Nurse,0.63,8,8
S01846,H4,2023-05-15,Clerk,0.6,20,4
S01847,H4,2023-05-11,Cleaner,0.55,2,9
S01848,H2,2024-11-27,Clerk,1.0,8,8
S01849,H1,2022-08-16,Cleaner,0.57,0,5
S01850,H1,2023-06-05,Nurse,0.63,3,1
S01851,H2,2023-04-24,Nurse,0.58,9,6
S01852,H2,2022-03-18,Physician,0.74,16,1
S01853,H3,2024-08-15,Cleaner,0.98,10,6
S01854,H3,2024-02-15,Clerk,0.96,9,0
S01855,H4,2024-11-08,Physician,0.84,19,2
S01856,H4,2024-02-17,Physician,0.89,11,7
S01857,H3,2023-07-21,Physician,0.51,18,2
S01858,H4,2022-10-29,Clerk,0.87,16,0
S01859,H3,2022-10-28,Physician,0.84,19,5
S01860,H3,2024-10-09,Clerk,0.86,8,10
S01861,H2,2022-05-31,Cleaner,0.71,1,8
S01862,H4,2024-09-27,Physician,0.62,13,6
S01863,H4,2023-03-03,Cleaner,0.85,0,6
S01864,H3,2024-08-20,Physician,0.69,13,10
S01865,H1,2022-10-31,Nurse,0.78,5,0
S01866,H3,2022-07-10,Nurse,0.74,12,6
S01867,H1,2024-10-26,Nurse,0.71,8,8
S01868,H1,2023-09-10,Clerk,0.96,13,5
S01869,H2,2024-05-30,Physician,0.64,12,1
S01870,H1,2024-10-07,Clerk,0.59,18,3
S01871,H4,2022-06-20,Physician,0.66,14,0
S01872,H1,2022-09-14,Physician,0.8,12,10
S01873,H1,2023-02-20,Cleaner,0.78,8,10
S01874,H4,2023-09-05,Cleaner,0.89,8,8
S01875,H1,2022-01-06,Cleaner,0.7,7,7
S01876,H3,2023-08-20,Clerk,0.82,14,9
S01877,H1,2024-07-04,Clerk,0.57,10,10
S01878,H2,2022-08-17,Cleaner,0.62,16,4
S01879,H3,2024-01-28,Physician,0.78,20,9
S01880,H4,2023-09-02,Nurse,0.87,20,0
S01881,H4,2023-04-15,Physician,0.73,10,4
S01882,H2,2022-10-16,Physician,0.84,1,6
S01883,H4,2023-07-28,Cleaner,0.62,7,2
S01884,H4,2022-01-28,Clerk,0.54,20,5
S01885,H2,2022-12-15,Clerk,0.92,16,6
S01886,H1,2022-07-03,Physician,0.85,14,9
S01887,H3,2022-01-10,Cleaner,0.97,18,8
S01888,H3,2023-10-06,Physician,0.81,14,5
S01889,H3,2022-03-09,Nurse,0.83,20,3
S01890,H1,2022-05-22,Nurse,0.99,18,5
S01891,H2,2023-09-28,Physician,0.96,13,10
S01892,H3,2024-10-24,Clerk,0.54,4,8
S01893,H4,2022-07-20,Nurse,0.6,12,0
S01894,H3,2023-08-03,Clerk,0.76,7,3
S01895,H3,2023-06-12,Clerk,0.91,17,9
S01896,H1,2022-08-16,Nurse,0.79,4,1
S01897,H2,2023-10-02,Nurse,0.75,10,3
S01898,H1,2024-03-23,Physician,0.58,8,8
S01899,H2,2023-11-21,Cleaner,0.7,19,8
S01900,H3,2023-02-17,Nurse,0.97,7,8
S01901,H4,2022-07-17,Clerk,0.96,0,1
S01902,H4,2024-10-02,Physician,0.55,20,3
S01903,H2,2024-12-25,Cleaner,0.78,1,7
S01904,H2,2022-09-29,Cleaner,0.79,6,5
S01905,H3,2023-05-16,Clerk,0.99,17,4
S01906,H3,2024-10-27,Physician,0.66,5,4
S01907,H1,2022-06-13,Cleaner,1.0,9,9
S01908,H2,2024-08-28,Clerk,0.69,7,3
S01909,H2,2022-03-29,Nurse,0.5,3,7
S01910,H2,2023-10-06,Physician,0.63,19,6
S01911,H3,2024-10-31,Nurse,0.99,9,6
S01912,H4,2023-07-17,Clerk,0.85,3,7
S01913,H3,2023-10-14,Nurse,0.9,6,6
S01914,H1,2022-06-17,Clerk,0.65,9,10
S01915,H2,2022-06-11,Clerk,0.56,7,0
S01916,H4,2023-02-07,Cleaner,0.92,18,0
S01917,H4,2022-07-01,Nurse,0.55,19,3
S01918,H2,2023-03-13,Physician,0.51,3,8
S01919,H3,2024-09-10,Nurse,0.6,10,1
S01920,H1,2022-08-05,Clerk,0.71,13,9
S01921,H1,2024-01-17,Clerk,0.9,18,10
S01922,H3,2022-07-05,Cleaner,0.68,9,9
S01923,H3,2022-01-13,Nurse,0.87,4,3
S01924,H1,2023-07-01,Physician,0.65,11,5
S01925,H4,2023-05-24,Physician,0.93,11,9
S01926,H4,2023-02-10,Cleaner,0.87,13,10
S01927,H2,2024-09-13,Cleaner,0.54,19,10
S01928,H3,2024-08-15,Nurse,0.59,10,1
S01929,H1,2022-12-19,Clerk,0.6,10,3
S01930,H4,2022-12-14,Physician,0.82,18,4
S01931,H4,2022-05-07,Nurse,0.65,16,1
S01932,H2,2024-02-09,Physician,0.89,19,8
S01933,H2,2024-08-21,Physician,0.6,14,1
S01934,H4,2024-12-02,Cleaner,0.53,0,7
S01935,H3,2023-09-10,Nurse,0.8,20,7
S01936,H3,2024-11-20,Nurse,0.89,19,3
S01937,H3,2023-02-19,Cleaner,0.67,16,3
S01938,H4,2022-01-22,Clerk,0.58,1,4
S01939,H3,2024-10-02,Cleaner,0.74,19,6
S01940,H4,2022-08-11,Clerk,0.55,11,2
S01941,H1,2023-08-01,Physician,0.58,11,9
S01942,H4,2023-11-25,Nurse,0.55,19,4
S01943,H2,2024-02-23,Cleaner,0.79,2,0
S01944,H3,2024-01-09,Clerk,0.88,18,10
S01945,H2,2022-07-12,Clerk,0.61,17,4
S01946,H1,2024-08-23,Clerk,0.98,7,6
S01947,H2,2023-07-27,Clerk,0.53,15,6
S01948,H3,2024-05-20,Nurse,0.98,16,2
S01949,H2,2024-10-20,Physician,0.65,19,6
S01950,H2,2022-02-01,Clerk,0.67,19,7
S01951,H4,2023-01-10,Physician,0.5,12,3
S01952,H2,2022-07-04,Clerk,0.55,9,2
S01953,H1,2024-12-01,Cleaner,0.54,5,8
S01954,H4,2022-02-14,Clerk,0.74,8,8
S01955,H2,2022-07-19,Clerk,0.98,6,9
S01956,H1,2023-11-12,Nurse,0.58,1,7
S01957,H2,2022-07-21,Physician,0.88,19,2
S01958,H4,2024-04-11,Clerk,0.78,9,2
S01959,H1,2024-09-19,Nurse,0.98,11,10
S01960,H2,2023-05-20,Nurse,0.77,8,9
S01961,H1,2022-01-26,Nurse,0.92,1,1
S01962,H4,2024-07-23,Nurse,0.54,9,7
S01963,H2,2023-04-07,Cleaner,0.85,2,6
S01964,H4,2022-04-10,Cleaner,0.94,8,9
S01965,H3,2022-07-03,Clerk,0.68,5,2
S01966,H3,2024-07-27,Nurse,0.71,14,6
S01967,H3,2022-01-03,Nurse,0.8,14,10
S01968,H4,2024-05-06,Nurse,0.76,6,2
S01969,H3,2024-04-29,Clerk,0.77,0,5
S01970,H1,2024-06-29,Physician,0.83,7,7
S01971,H3,2023-04-05,Clerk,0.78,12,3
S01972,H3,2024-03-21,Clerk,0.89,5,1
S01973,H3,2022-06-17,Physician,0.98,11,6
S01974,H2,2024-09-21,Cleaner,0.56,0,4
S01975,H1,2024-01-14,Cleaner,0.51,0,4
S01976,H3,2024-08-16,Physician,0.66,5,2
S01977,H2,2023-11-25,Cleaner,0.81,17,5
S01978,H4,2022-05-04,Nurse,0.95,1,2
S01979,H3,2023-02-28,Cleaner,0.71,20,8
S01980,H1,2023-05-11,Cleaner,0.86,18,6
S01981,H1,2022-10-19,Physician,0.67,4,4
S01982,H4,2022-12-22,Nurse,0.72,4,10
S01983,H2,2023-08-07,Clerk,0.92,5,3
S01984,H4,2023-02-23,Physician,0.96,8,8
S01985,H4,2023-06-29,Cleaner,0.98,7,4
S01986,H4,2024-12-13,Cleaner,0.86,20,4
S01987,H2,2023-10-24,Clerk,0.79,14,8
S01988,H4,2023-12-23,Cleaner,0.75,1,5
S01989,H1,2022-08-22,Physician,0.69,7,1
S01990,H1,2024-02-18,Clerk,0.97,12,8
S01991,H4,2022-01-17,Physician,0.84,9,4
S01992,H4,2023-09-08,Clerk,0.84,6,7
S01993,H4,2022-05-01,Physician,0.53,14,10
S01994,H3,2023-10-12,Nurse,0.69,0,3
S01995,H4,2022-02-20,Nurse,0.54,9,2
S01996,H4,2024-03-09,Cleaner,0.5,12,6
S01997,H4,2024-01-08,Physician,0.84,20,5
S01998,H2,2023-05-15,Nurse,0.85,4,2
S01999,H3,2023-05-15,Cleaner,0.79,18,4
S02000,H2,2022-05-14,Cleaner,0.76,8,5
